ğŸ¥‡;1Ã¨re mÃ©daille lieu 
ğŸ¥ˆ; mÃ©daille 2e place 
ğŸ¥‰; mÃ©daille 3Ã¨me place 
ğŸ†; ab 
ğŸ§; atm 
ğŸ…°; a 
ğŸ‡¦ğŸ‡«; drapeau pour l'Afghanistan 
ğŸ‡¦ğŸ‡±; drapeau pour l'Albanie 
ğŸ‡©ğŸ‡¿; drapeau pour l'AlgÃ©rie 
ğŸ‡¦ğŸ‡¸; drapeau pour les Samoa amÃ©ricaines 
ğŸ‡¦ğŸ‡©; drapeau pour Andorre 
ğŸ‡¦ğŸ‡´; drapeau pour l'Angola 
ğŸ‡¦ğŸ‡®; drapeau pour Anguilla 
ğŸ‡¦ğŸ‡¶; drapeau pour l'Antarctique 
ğŸ‡¦ğŸ‡¬; drapeau pour Antigua-et-Barbuda 
â™’; verseau 
ğŸ‡¦ğŸ‡·; drapeau pour l'Argentine 
â™ˆ; aries 
ğŸ‡¦ğŸ‡²; drapeau ArmÃ©nie 
ğŸ‡¦ğŸ‡¼; drapeau pour Aruba 
ğŸ‡¦ğŸ‡¨; drapeau pour Ascension 
ğŸ‡¦ğŸ‡º; drapeau pour l'Australie 
ğŸ‡¦ğŸ‡¹; drapeau pour l'Autriche 
ğŸ‡¦ğŸ‡¿; drapeau pour l'AzerbaÃ¯djan 
ğŸ”™; retour 
ğŸ…±; b 
ğŸ‡§ğŸ‡¸; drapeau pour Bahamas 
ğŸ‡§ğŸ‡­; drapeau pour BahreÃ¯n 
ğŸ‡§ğŸ‡©; drapeau pour le Bangladesh 
ğŸ‡§ğŸ‡§; drapeau pour la Barbade 
ğŸ‡§ğŸ‡¾; drapeau pour le BÃ©larus 
ğŸ‡§ğŸ‡ª; drapeau pour la Belgique 
ğŸ‡§ğŸ‡¿; drapeau pour Belize 
ğŸ‡§ğŸ‡¯; drapeau pour le BÃ©nin 
ğŸ‡§ğŸ‡²; drapeau pour Bermudes 
ğŸ‡§ğŸ‡¹; drapeau pour le Bhoutan 
ğŸ‡§ğŸ‡´; drapeau pour la Bolivie 
ğŸ‡§ğŸ‡¦; drapeau pour la Bosnie-HerzÃ©govine 
ğŸ‡§ğŸ‡¼; drapeau pour le Botswana 
ğŸ‡§ğŸ‡»; drapeau pour Ãle Bouvet 
ğŸ‡§ğŸ‡·; drapeau pour le BrÃ©sil 
ğŸ‡®ğŸ‡´; drapeau pour Territoire britannique de l'ocÃ©an Indien 
ğŸ‡»ğŸ‡¬; drapeau pour Ãles Vierges britanniques 
ğŸ‡§ğŸ‡³; drapeau pour Brunei 
ğŸ‡§ğŸ‡¬; drapeau pour la Bulgarie 
ğŸ‡§ğŸ‡«; drapeau pour le Burkina Faso 
ğŸ‡§ğŸ‡®; drapeau pour le Burundi 
ğŸ†‘; cl 
ğŸ†’; fraÃ®che 
ğŸ‡°ğŸ‡­; drapeau pour le Cambodge 
ğŸ‡¨ğŸ‡²; drapeau pour le Cameroun 
ğŸ‡¨ğŸ‡¦; drapeau pour le Canada 
ğŸ‡®ğŸ‡¨; drapeau pour Ãles Canaries 
â™‹; 
ğŸ‡¨ğŸ‡»; cancer drapeau pour le Cap-Vert 
â™‘; capricorn 
ğŸ‡§ğŸ‡¶; drapeau pour CaraÃ¯bes Pays-Bas 
ğŸ‡°ğŸ‡¾; drapeau pour Ãles CaÃ¯mans 
ğŸ‡¨ğŸ‡«; drapeau pour Central RÃ©publique d'Afrique 
ğŸ‡ªğŸ‡¦; drapeau pour Ceuta et Melilla 
ğŸ‡¹ğŸ‡©; drapeau du Tchad 
ğŸ‡¨ğŸ‡±; drapeau du Chili 
ğŸ‡¨ğŸ‡³; drapeau pour la Chine 
ğŸ‡¨ğŸ‡½; drapeau pour l'Ã®le Christmas 
ğŸ„; arbre de NoÃ«l 
ğŸ‡¨ğŸ‡µ; drapeau pour l'Ã®le de Clipperton 
ğŸ‡¨ğŸ‡¨; drapeau pour Ãles Cocos 
ğŸ‡¨ğŸ‡´; drapeau de la Colombie 
ğŸ‡°ğŸ‡²; drapeau pour les Comores 
ğŸ‡¨ğŸ‡¬; drapeau pour le Congo Brazzaville 
ğŸ‡¨ğŸ‡©; drapeau pour le Congo Kinshasa 
ğŸ‡¨ğŸ‡°; drapeau pour les Ãles Cook 
ğŸ‡¨ğŸ‡·; drapeau du Costa Rica 
ğŸ‡­ğŸ‡·; drapeau pour la Croatie 
ğŸ‡¨ğŸ‡º; drapeau pour Cuba 
ğŸ‡¨ğŸ‡¼; drapeau pour CuraÃ§ao 
ğŸ‡¨ğŸ‡¾; drapeau pour Chypre 
ğŸ‡¨ğŸ‡¿; drapeau pour la RÃ©publique tchÃ¨que 
ğŸ‡¨ğŸ‡®; drapeau pour la CÃ´te d'Ivoire 
ğŸ‡©ğŸ‡°; drapeau pour le Danemark 
ğŸ‡©ğŸ‡¬; drapeau pour Diego Garcia 
ğŸ‡©ğŸ‡¯; drapeau pour Djibouti 
ğŸ‡©ğŸ‡²; drapeau pour Dominique 
ğŸ‡©ğŸ‡´; drapeau pour la RÃ©publique dominicaine 
ğŸ”š; fin 
ğŸ‡ªğŸ‡¨; drapeau pour l'Equateur 
ğŸ‡ªğŸ‡¬; drapeau pour l'Egypte 
ğŸ‡¸ğŸ‡»; drapeau pour El Salvador 
ğŸ´ó §ó ¢ó ¥ó ®ó §ó ¿; Angleterre 
ğŸ‡¬ğŸ‡¶; drapeau pour la GuinÃ©e Ã©quatoriale 
ğŸ‡ªğŸ‡·; drapeau pour l'ErythrÃ©e 
ğŸ‡ªğŸ‡ª; drapeau pour l'Estonie 
ğŸ‡ªğŸ‡¹; drapeau pour l'Ethiopie 
ğŸ‡ªğŸ‡º; drapeau pour l'Union europÃ©enne 
ğŸ†“; gratuit 
ğŸ‡«ğŸ‡°; drapeau pour Ãles Falkland 
ğŸ‡«ğŸ‡´; drapeau pour Ãles FÃ©roÃ© 
ğŸ‡«ğŸ‡¯; drapeau pour Fidji 
ğŸ‡«ğŸ‡®; drapeau pour la Finlande 
ğŸ‡«ğŸ‡·; drapeau pour la France 
ğŸ‡¬ğŸ‡«; drapeau pour Guyane franÃ§aise 
ğŸ‡µğŸ‡«; drapeau pour la PolynÃ©sie franÃ§aise 
ğŸ‡¹ğŸ‡«; drapeau pour TAAF 
ğŸ‡¬ğŸ‡¦; drapeau pour le Gabon 
ğŸ‡¬ğŸ‡²; drapeau pour la Gambie 
â™Š; gemini 
ğŸ‡¬ğŸ‡ª; drapeau pour la GÃ©orgie 
ğŸ‡©ğŸ‡ª; drapeau pour l'Allemagne 
ğŸ‡¬ğŸ‡­; drapeau du Ghana 
ğŸ‡¬ğŸ‡®; drapeau pour Gibraltar 
ğŸ‡¬ğŸ‡·; drapeau pour Gre ece 
ğŸ‡¬ğŸ‡±; drapeau pour le Groenland 
ğŸ‡¬ğŸ‡©; drapeau pour la Grenade 
ğŸ‡¬ğŸ‡µ; drapeau pour la Guadeloupe 
ğŸ‡¬ğŸ‡º; drapeau pour Guam 
ğŸ‡¬ğŸ‡¹; drapeau pour le Guatemala 
ğŸ‡¬ğŸ‡¬; drapeau pour Guernesey 
ğŸ‡¬ğŸ‡³; drapeau pour la GuinÃ©e 
ğŸ‡¬ğŸ‡¼; drapeau pour la GuinÃ©e Bissau 
ğŸ‡¬ğŸ‡¾; drapeau pour le Guyana 
ğŸ‡­ğŸ‡¹; drapeau pour HaÃ¯ti 
ğŸ‡­ğŸ‡²; drapeau pour les Ã®les Heard et McDonald 
ğŸ‡­ğŸ‡³; drapeau pour le Honduras 
ğŸ‡­ğŸ‡°; drapeau pour Hong Kong 
ğŸ‡­ğŸ‡º; drapeau pour la Hongrie 
ğŸ†”; id 
ğŸ‡®ğŸ‡¸; drapeau pour l'Islande 
ğŸ‡®ğŸ‡³; drapeau pour l'Inde 
ğŸ‡®ğŸ‡©; drapeau pour l'IndonÃ©sie 
ğŸ‡®ğŸ‡·; drapeau pour l'Iran 
ğŸ‡®ğŸ‡¶; drapeau pour l'Irak 
ğŸ‡®ğŸ‡ª; drapeau pour l'Irlande 
ğŸ‡®ğŸ‡²; drapeau pour Isle of Man 
ğŸ‡®ğŸ‡±; drapeau pour IsraÃ«l 
ğŸ‡®ğŸ‡¹; drapeau pour l'Italie 
ğŸ‡¯ğŸ‡²; drapeau de la JamaÃ¯que 
ğŸ‡¯ğŸ‡µ; drapeau pour le Japon 
ğŸ‰‘; accepter 
ğŸˆ¸; u7533 
ğŸ‰; idÃ©ogramme avantage 
ğŸ¯; chÃ¢teau japonais 
ãŠ—; fÃ©licitations 
ğŸˆ¹; u5272 
ğŸ; poupÃ©es 
ğŸˆš; u7121 
ğŸˆ; koko 
ğŸˆ·; u6708 
ğŸˆµ; u6e80 
ğŸˆ¶; u6709 
ğŸˆº; u55b6 
ğŸˆ´; u5408 
ğŸ£; bureau de poste 
ğŸˆ²; u7981 
ğŸˆ¯; u6307 
ãŠ™; secrets 
ğŸˆ‚; sa 
ğŸ”°; dÃ©butant 
ğŸˆ³; u7a7a 
ğŸ‡¯ğŸ‡ª; drapeau pour Jersey 
ğŸ‡¯ğŸ‡´; drapeau de la Jordanie 
ğŸ‡°ğŸ‡¿; drapeau pour le Kazakhstan 
ğŸ‡°ğŸ‡ª; drapeau pour le Kenya 
ğŸ‡°ğŸ‡®; drapeau pour Kiribati 
ğŸ‡½ğŸ‡°; drapeau pour le Kosovo 
ğŸ‡°ğŸ‡¼; drapeau pour le KoweÃ¯t 
ğŸ‡°ğŸ‡¬; drapeau pour le Kirghizistan 
ğŸ‡±ğŸ‡¦; drapeau pour le Laos 
ğŸ‡±ğŸ‡»; drapeau pour la Lettonie 
ğŸ‡±ğŸ‡§; drapeau pour le Liban 
â™Œ; leo 
ğŸ‡±ğŸ‡¸; drapeau pour le Lesotho 
ğŸ‡±ğŸ‡·; drapeau pour le LibÃ©ria 
â™; libra 
ğŸ‡±ğŸ‡¾; drapeau Libye 
ğŸ‡±ğŸ‡®; drapeau pour le Liechtenstein 
ğŸ‡±ğŸ‡¹; drapeau pour la Lituanie 
ğŸ‡±ğŸ‡º; drapeau pour Luxembourg 
ğŸ‡²ğŸ‡´; drapeau pour Macao 
ğŸ‡²ğŸ‡°; drapeau pour la MacÃ©doine 
ğŸ‡²ğŸ‡¬; drapeau pour Madagascar 
ğŸ‡²ğŸ‡¼; drapeau pour le Malawi 
ğŸ‡²ğŸ‡¾; drapeau Malaisie 
ğŸ‡²ğŸ‡»; drapeau Maldives 
ğŸ‡²ğŸ‡±; drapeau du Mali 
ğŸ‡²ğŸ‡¹; drapeau pour Malte 
ğŸ‡²ğŸ‡­; drapeau pour Ãles Marshall 
ğŸ‡²ğŸ‡¶; drapeau pour Martinique 
ğŸ‡²ğŸ‡·; drapeau pour la Mauritanie 
ğŸ‡²ğŸ‡º; drapeau pour Maurice 
ğŸ‡¾ğŸ‡¹; drapeau pour Mayotte 
ğŸ‡²ğŸ‡½; drapeau pour le Mexique 
ğŸ‡«ğŸ‡²; drapeau pour MicronÃ©sie 
ğŸ‡²ğŸ‡©; drapeau pour la Moldavie 
ğŸ‡²ğŸ‡¨; drapeau pour Monaco 
ğŸ‡²ğŸ‡³; drapeau pour la Mongolie 
ğŸ‡²ğŸ‡ª; drapeau pour le MontÃ©nÃ©gro 
ğŸ‡²ğŸ‡¸; drapeau pour Montserrat 
ğŸ‡²ğŸ‡¦; drapeau pour le Maroc 
ğŸ‡²ğŸ‡¿; drapeau pour le Mozambique 
ğŸ¤¶; Mme. Claus 
ğŸ¤¶ğŸ¿; Mrs. Claus teint foncÃ© 
ğŸ¤¶ğŸ»; Mrs. Claus teint lumiÃ¨re 
ğŸ¤¶ğŸ¾; Mrs. Claus teint moyen foncÃ© 
ğŸ¤¶ğŸ¼; Mrs. Claus teint moyen lumiÃ¨re 
ğŸ¤¶ğŸ½; Mme. carnation moyenne Claus 
ğŸ‡²ğŸ‡²; drapeau pour le Myanmar 
ğŸ†•; nouveau 
ğŸ†–; ng 
ğŸ‡³ğŸ‡¦; drapeau pour la Namibie 
ğŸ‡³ğŸ‡·; drapeau pour Nauru 
ğŸ‡³ğŸ‡µ; drapeau pour le NÃ©pal 
ğŸ‡³ğŸ‡±; drapeau pour Pays-Bas 
ğŸ‡³ğŸ‡¨; drapeau pour Nouvelle-CalÃ©donie 
ğŸ‡³ğŸ‡¿; drapeau pour la Nouvelle-ZÃ©lande 
ğŸ‡³ğŸ‡®; drapeau du Nicaragua 
ğŸ‡³ğŸ‡ª; drapeau pour le Niger 
ğŸ‡³ğŸ‡¬; drapeau pour le Nigeria 
ğŸ‡³ğŸ‡º; drapeau pour Niue 
ğŸ‡³ğŸ‡«; drapeau Ãle Norfolk 
ğŸ‡°ğŸ‡µ; drapeau pour la CorÃ©e du Nord 
ğŸ‡²ğŸ‡µ; drapeau pour Ãles Mariannes du Nord 
ğŸ‡³ğŸ‡´; drapeau de la NorvÃ¨ge 
ğŸ†—; ok 
ğŸ‘Œ; main ok 
ğŸ‘ŒğŸ¿; OK main teint foncÃ© 
ğŸ‘ŒğŸ»; main OK teint clair 
ğŸ‘ŒğŸ¾; OK teint moyen foncÃ© main 
ğŸ‘ŒğŸ¼; OK main teint moyen-lumiÃ¨re 
ğŸ‘ŒğŸ½; teint moyen de la main OK 
ğŸ”›; sur 
ğŸ…¾; o2 
ğŸ‡´ğŸ‡²; drapeau pour Oman 
â›; Ophiuchus 
ğŸ…¿; parking 
ğŸ‡µğŸ‡°; drapeau pour le Pakistan 
ğŸ‡µğŸ‡¼; drapeau pour Palau 
ğŸ‡µğŸ‡¸; drapeau pour les Territoires palestiniens 
ğŸ‡µğŸ‡¦; drapeau pour le Panama 
ğŸ‡µğŸ‡¬; drapeau de la Papouasie-Nouvelle-GuinÃ©e 
ğŸ‡µğŸ‡¾; drapeau pour le Paraguay 
ğŸ‡µğŸ‡ª; drapeau du PÃ©rou 
ğŸ‡µğŸ‡­; drapeau pour Philippines 
â™“; Pisces 
ğŸ‡µğŸ‡³; drapeau pour Pitcairn 
ğŸ‡µğŸ‡±; drapeau pour la Pologne 
ğŸ‡µğŸ‡¹; drapeau pour le Portugal 
ğŸ‡µğŸ‡·; drapeau pour Porto Rico 
ğŸ‡¶ğŸ‡¦; drapeau pour le Qatar 
ğŸ‡·ğŸ‡´; drapeau pour la Roumanie 
ğŸ‡·ğŸ‡º; drapeau pour la Russie 
ğŸ‡·ğŸ‡¼; drapeau pour le Rwanda 
ğŸ‡·ğŸ‡ª; drapeau pour la RÃ©union 
ğŸ”œ; bientÃ´t 
ğŸ†˜; sos 
â™; sagittaire 
ğŸ‡¼ğŸ‡¸; drapeau pour Samoa 
ğŸ‡¸ğŸ‡²; drapeau pour Saint-Marin 
ğŸ…; pÃ¨re noÃ«l 
ğŸ…ğŸ¿; PÃ¨re NoÃ«l teint foncÃ© 
ğŸ…ğŸ»; PÃ¨re NoÃ«l teint clair 
ğŸ…ğŸ¾; peau de Santa Claus moyenne noir ton 
ğŸ…ğŸ¼; PÃ¨re NoÃ«l moyen carnation -light 
ğŸ…ğŸ½; PÃ¨re NoÃ«l teint moyen 
ğŸ‡¸ğŸ‡¦; drapeau de l'Arabie Saoudite 
â™; Scorpius 
ğŸ´ó §ó ¢ó ³ó £ó ´ó ¿; Ecosse 
ğŸ‡¸ğŸ‡³; drapeau pour le SÃ©nÃ©gal 
ğŸ‡·ğŸ‡¸; drapeau de la Serbie 
ğŸ‡¸ğŸ‡¨; drapeau pour les Seychelles 
ğŸ‡¸ğŸ‡±; drapeau pour la Sierra Leone 
ğŸ‡¸ğŸ‡¬; drapeau pour Singapour 
ğŸ‡¸ğŸ‡½; drapeau pour Sint Maarten 
ğŸ‡¸ğŸ‡°; drapeau pour la Slovaquie 
ğŸ‡¸ğŸ‡®; drapeau de la SlovÃ©nie 
ğŸ‡¸ğŸ‡§; drapeau pour les Ãles Salomon 
ğŸ‡¸ğŸ‡´; drapeau pour la Somalie 
ğŸ‡¿ğŸ‡¦; drapeau pour l'Afrique du Sud 
ğŸ‡¬ğŸ‡¸; drapeau de la GÃ©orgie du Sud et les Ã®les Sandwich du Sud 
ğŸ‡°ğŸ‡·; drapeau pour la CorÃ©e du Sud 
ğŸ‡¸ğŸ‡¸; drapeau du Sud-Soudan 
ğŸ‡ªğŸ‡¸; drapeau pour l'Espagne 
ğŸ‡±ğŸ‡°; drapeau pour Sri Lanka 
ğŸ‡§ğŸ‡±; drapeau pour St. BarthÃ©lemy 
ğŸ‡¸ğŸ‡­; drapeau pour Sainte-HÃ©lÃ¨ne 
ğŸ‡°ğŸ‡³; drapeau pour Saint-Kitts-et-Nevis 
ğŸ‡±ğŸ‡¨; drapeau pour Sainte-Lucie 
ğŸ‡²ğŸ‡«; drapeau pour Saint-Martin 
ğŸ‡µğŸ‡²; drapeau pour Saint-Pierre-et-Miquelon 
ğŸ‡»ğŸ‡¨; drapeau pour Saint-Vincent-et-Grenadines 
ğŸ—½; statue de la libertÃ© 
ğŸ‡¸ğŸ‡©; drapeau pour Soudan 
ğŸ‡¸ğŸ‡·; drapeau Suriname 
ğŸ‡¸ğŸ‡¯; drapeau pour Svalbard et Jan Mayen 
ğŸ‡¸ğŸ‡¿; drapeau pour le Swaziland 
ğŸ‡¸ğŸ‡ª; drapeau pour la SuÃ¨de 
ğŸ‡¨ğŸ‡­; drapeau pour la Suisse 
ğŸ‡¸ğŸ‡¾; drapeau pour la Syrie 
ğŸ‡¸ğŸ‡¹; drapeau pour SÃ£o TomÃ© et PrÃ­ncipe 
ğŸ¦–; T-Rex 
ğŸ”; top 
ğŸ‡¹ğŸ‡¼; drapeau pour Taiwan 
ğŸ‡¹ğŸ‡¯; drapeau pour le Tadjikistan 
ğŸ‡¹ğŸ‡¿; drapeau pour la Tanzanie 
â™‰; taurus 
ğŸ‡¹ğŸ‡­; drapeau pour la ThaÃ¯lande 
ğŸ‡¹ğŸ‡±; drapeau pour le Timor-Leste 
ğŸ‡¹ğŸ‡¬; drapeau pour le Togo 
ğŸ‡¹ğŸ‡°; drapeau pour Tokelau 
ğŸ—¼; tour tokyo 
ğŸ‡¹ğŸ‡´; drapeau pour Tonga 
ğŸ‡¹ğŸ‡¹; drapeau pour TrinitÃ©-et-Tobago 
ğŸ‡¹ğŸ‡¦; drapeau pour Tristan da Cu nha 
ğŸ‡¹ğŸ‡³; drapeau pour la Tunisie 
ğŸ‡¹ğŸ‡·; drapeau pour la Turquie 
ğŸ‡¹ğŸ‡²; drapeau pour le TurkmÃ©nistan 
ğŸ‡¹ğŸ‡¨; drapeau pour Ãles Turques et CaÃ¯ques 
ğŸ‡¹ğŸ‡»; drapeau pour Tuvalu 
ğŸ‡ºğŸ‡²; drapeau pour Outlying Islands US 
ğŸ‡»ğŸ‡®; drapeau pour Ãles Vierges des Ã‰tats-Unis 
ğŸ†™; haut 
ğŸ‡ºğŸ‡¬; drapeau de l'Ouganda 
ğŸ‡ºğŸ‡¦; drapeau pour l'Ukraine 
ğŸ‡¦ğŸ‡ª; drapeau pour United arabes unis 
ğŸ‡¬ğŸ‡§; drapeau pour Royaume-Uni 
ğŸ‡ºğŸ‡³; Nations Unies 
ğŸ‡ºğŸ‡¸; drapeau pour Ã‰tats-Unis 
ğŸ‡ºğŸ‡¾; drapeau de l'Uruguay 
ğŸ‡ºğŸ‡¿; drapeau pour l'OuzbÃ©kistan 
ğŸ†š; vs 
ğŸ‡»ğŸ‡º; drapeau de Vanuatu 
ğŸ‡»ğŸ‡¦; drapeau pour la CitÃ© du Vatican 
ğŸ‡»ğŸ‡ª; drapeau pour le Venezuela 
ğŸ‡»ğŸ‡³; drapeau pour le Vietnam 
â™; virgo 
ğŸ´ó §ó ¢ó ·ó ¬ó ³ó ¿; Pays de Galles 
ğŸ‡¼ğŸ‡«; drapeau pour Wallis et Futuna 
ğŸ‡ªğŸ‡­; drapeau pour le Sahara occidental 
ğŸ‡¾ğŸ‡ª; drapeau du YÃ©men 
ğŸ‡¿ğŸ‡²; drapeau pour la Zambie 
ğŸ‡¿ğŸ‡¼; drapeau pour le Zimbabwe 
ğŸ§®; Abacus 
ğŸ©¹; sparadrap 
ğŸŸ; billets d'entrÃ©e 
ğŸ§‘; adulte 
ğŸ§‘ğŸ¿; adulte teint foncÃ© 
ğŸ§‘ğŸ»; adulte teint clair 
ğŸ§‘ğŸ¾; peau moyenne noir adulte ton 
ğŸ§‘ğŸ¼; moyen adulte teint clair 
ğŸ§‘ğŸ½; teint moyen adulte 
ğŸš¡; tramway aÃ©rien 
âœˆ; avion 
ğŸ›¬; avion arrivant 
ğŸ›«; dÃ©part avion 
â°; rÃ©veil 
âš—; alambic 
ğŸ‘½; alien 
ğŸ‘¾; space invader 
ğŸš‘; ambulance 
ğŸˆ; le football 
ğŸº; amphore 
âš“; ancre 
ğŸ’¢; colÃ¨re 
ğŸ˜ ; colÃ¨re 
ğŸ‘¿; diablotin 
ğŸ˜§; angoissÃ© 
ğŸœ; ant 
ğŸ“¶; puissance du signal 
ğŸ˜°; sueur froide 
ğŸš›; camion articulÃ© 
ğŸ¨; art 
ğŸ˜²; Ã©tonnÃ© 
âš›; symbole atome 
ğŸ›º; auto rickshaw 
ğŸš—; voiture rouge 
ğŸ¥‘; avocat 
ğŸª“; hache 
ğŸ‘¶; bÃ©bÃ© 
ğŸ‘¼; ange 
ğŸ‘¼ğŸ¿; bÃ©bÃ© ange teint foncÃ© 
ğŸ‘¼ğŸ»; b Aby ange teint clair 
ğŸ‘¼ğŸ¾; bÃ©bÃ© ange teint moyen foncÃ© 
ğŸ‘¼ğŸ¼; bÃ©bÃ© teint moyen-lumiÃ¨re ange 
ğŸ‘¼ğŸ½; bÃ©bÃ© ange teint moyen 
ğŸ¼; biberon 
ğŸ¤; poussin bÃ©bÃ© 
ğŸ‘¶ğŸ¿; bÃ©bÃ© teint foncÃ© 
ğŸ‘¶ğŸ»; bÃ©bÃ© teint clair 
ğŸ‘¶ğŸ¾; bÃ©bÃ© teint moyen foncÃ© 
ğŸ‘¶ğŸ¼; bÃ©bÃ© teint moyen clair 
ğŸ‘¶ğŸ½; teint moyen bÃ©bÃ© 
ğŸš¼; symbole bÃ©bÃ© 
ğŸ‘‡; points bas 
ğŸ‘‡ğŸ¿; revers index pointant vers le bas teint foncÃ© 
ğŸ‘‡ğŸ»; revers index pointant vers le bas teint clair 
ğŸ‘‡ğŸ¾; revers index pointant vers le bas teint moyen foncÃ© 
ğŸ‘‡ğŸ¼; revers index vers le bas moyen carnation -light 
ğŸ‘‡ğŸ½; revers index pointant vers le bas teint moyen 
ğŸ‘ˆ; Point gauche 
ğŸ‘ˆğŸ¿; revers index pointant vers la gauche teint foncÃ© 
ğŸ‘ˆğŸ»; revers pointant l'index gauche teint clair 
ğŸ‘ˆğŸ¾; revers index pointant vers le teint moyen foncÃ© gauche 
ğŸ‘ˆğŸ¼; revers index pointant peau moyenne lumiÃ¨re gauche ton 
ğŸ‘ˆğŸ½; revers index pointant vers la gauche carnation moyenne 
ğŸ‘‰; bon point 
ğŸ‘‰ğŸ¿; revers index pointant le ton de la peau droite sombre 
ğŸ‘‰ğŸ»; revers index pointant le ton de la peau droite lumiÃ¨re 
ğŸ‘‰ğŸ¾; revers index pointant vers ton droit de peau moyen foncÃ© 
ğŸ‘‰ğŸ¼; revers index pointant vers le teint moyen bonne lumiÃ¨re 
ğŸ‘‰ğŸ½; revers point d'indice ing teint moyen droit 
ğŸ‘†; pointer vers le haut 2
ğŸ‘†ğŸ¿;Revers index pointant vers le haut teint foncÃ© 
ğŸ‘†ğŸ»; revers index pointant vers le haut teint clair 
ğŸ‘†ğŸ¾; revers index pointant vers le haut le teint moyen foncÃ© 
ğŸ‘†ğŸ¼; revers index pointant vers le haut teint moyen lumiÃ¨re 
ğŸ‘†ğŸ½; revers index pointant vers le haut teint moyen 
ğŸ¥“; lard 
ğŸ¦¡; Badger 
ğŸ¸; raquette de badminton et shuttlecock 
ğŸ¥¯; bagel 
ğŸ›„; rÃ©clamation de bagages 
ğŸ¥–; pain baguette 
âš–; Ã©cailles 
ğŸ¦²; homme chauve 
ğŸ‘¨â€ğŸ¦²; 
ğŸ‘©â€ğŸ¦²; chauve femme chauve 
ğŸ©°; chaussures de ballet 
ğŸˆ; ballon 
ğŸ—³; urne au vote 
â˜‘; urne avec chÃ¨que 
ğŸŒ; banane 
ğŸª•; banjo 
ğŸ¦; banque 
ğŸ“Š; chart bar 
ğŸ’ˆ; coiffeur 
âš¾; baseball 
ğŸ§º; panier 
ğŸ€; basket 
ğŸ¦‡; chauve-souris 
ğŸ›; baignoire 
ğŸ”‹; batterie 
ğŸ–; plage avec un parasol 
ğŸ˜; sourire 
ğŸ»; ours 
ğŸ§”; personne barbu 
ğŸ§”ğŸ¿; ton personne peau noire barbu 
ğŸ§”ğŸ»; personne barbu teint clair 
ğŸ§”ğŸ¾; tonus peau personne moyenne noir barbu 
ğŸ§”ğŸ¼; tonus peau personne moyenne lumiÃ¨re barbu 
ğŸ§”ğŸ½; personne barbu carnation moyenne 
ğŸ’“; battement de coeur 
ğŸ›; lit 
ğŸº; biÃ¨re 
ğŸ””; bell 
ğŸ”•; pas de cloche 
ğŸ›; cloche groom 
ğŸ±; bento 
ğŸ§ƒ; boÃ®te de boisson 
ğŸš²; vÃ©lo 
ğŸ‘™; bikini 
ğŸ§¢; bouchon Ã  bec 
â˜£; signe Biohazard 
ğŸ¦; oiseau 
ğŸ‚; anniversaire 
âš«; cercle noir 
ğŸ´; ondulant drapeau noir 
ğŸ–¤; coeur noir 
â¬›; noir grand carrÃ© 
â—¾; noir moyen petit carrÃ© 
â—¼; carrÃ© moyen noir 
âœ’; nib noir 
â–ª; noir petit carrÃ© 
ğŸ”²; bouton carrÃ© noir 
ğŸ‘±â€â™‚ï¸; homme blond 
ğŸ‘±ğŸ¿â€â™‚ï¸; blond h a Ã©tÃ© diffusÃ© l'homme teint foncÃ© 
ğŸ‘±ğŸ»â€â™‚ï¸; teint lumiÃ¨re homme aux cheveux blonds 
ğŸ‘±ğŸ¾â€â™‚ï¸; peau aux cheveux blonds homme moyen noir ton 
ğŸ‘±ğŸ¼â€â™‚ï¸; peau aux cheveux blonds homme moyen lÃ©ger ton 
ğŸ‘±ğŸ½â€â™‚ï¸; peau moyenne homme blond ton 
ğŸ‘±; personne aux cheveux blonds 
ğŸ‘±ğŸ¿; cheveux blonds personne teint foncÃ© 
ğŸ‘±ğŸ»; teint lumiÃ¨re personne aux cheveux blonds 
ğŸ‘±ğŸ¾; peau aux cheveux blonds personne moyenne noir ton 
ğŸ‘±ğŸ¼; peau blonde aux cheveux moyenne lumiÃ¨re personne ton 
ğŸ‘±ğŸ½; peau personne moyenne aux cheveux blonds ton 
ğŸ‘±â€â™€ï¸; femme blonde aux cheveux 
ğŸ‘±ğŸ¿â€â™€ï¸; femme blonde aux cheveux foncÃ© teint 
ğŸ‘±ğŸ»â€â™€ï¸; teint lumiÃ¨re femme blonde aux cheveux 
ğŸ‘±ğŸ¾â€â™€ï¸; peau aux cheveux blonds femme moyenne noir ton 
ğŸ‘±ğŸ¼â€â™€ï¸; peau blonde aux cheveux moyenne lumiÃ¨re femme ton 
ğŸ‘±ğŸ½â€â™€ï¸; femme peau moyenne aux cheveux blonds ton 
ğŸŒ¼; fleurs 
ğŸ¡; Blowfish 
ğŸ“˜; livre bleu 
ğŸ”µ; grand cercle bleu 
ğŸ’™; coeur bleu 
ğŸŸ¦; carrÃ© bleu 
ğŸ—; sanglier 
ğŸ’£; bombe 
ğŸ¦´; os 
ğŸ”–; signet 
ğŸ“‘; onglets de signets 
ğŸ“š; livres 
ğŸ¾; bouteille popping liÃ¨ge 
ğŸ’; bouquet 
ğŸ¹; arc et flÃ¨che 
ğŸ¥£; bol avec une cuillÃ¨re 
ğŸ³; quilles 
ğŸ¥Š; gant de boxe 
ğŸ‘¦; garÃ§on 
ğŸ‘¦ğŸ¿; garÃ§on teint foncÃ© 
ğŸ‘¦ğŸ»; garÃ§on peau claire ton 
ğŸ‘¦ğŸ¾; garÃ§on moyen foncÃ© teint 
ğŸ‘¦ğŸ¼; garÃ§on teint moyen clair 
ğŸ‘¦ğŸ½; ton garÃ§on de peau moyenne 
ğŸ§ ; cerveau 
ğŸ; pain 
ğŸ¤±; allaitement 
ğŸ¤±ğŸ¿; peau foncÃ©e allaitement ton 
ğŸ¤±ğŸ»; peau claire allaitement ton 
ğŸ¤±ğŸ¾; breas t-alimentation peau moyenne noir ton 
ğŸ¤±ğŸ¼; peau moyenne lumiÃ¨re allaitement tonus 
ğŸ¤±ğŸ½; peau moyenne allaitement ton 
ğŸ§±; brique 
ğŸ‘°; mariÃ©e avec voile 
ğŸ‘°ğŸ¿; mariÃ©e avec le teint voile noir 
ğŸ‘°ğŸ»; mariÃ©e avec voile teint clair 
ğŸ‘°ğŸ¾; mariÃ©e Ã  voile moyen teint foncÃ© 
ğŸ‘°ğŸ¼; mariÃ©e avec le teint voile moyen clair 
ğŸ‘°ğŸ½; mariÃ©e avec le teint moyen voile 
ğŸŒ‰; pont la nuit 
ğŸ’¼; porte-documents 
ğŸ©²; mÃ©moires 
ğŸ”†; haute luminositÃ© 
ğŸ¥¦; brocoli 
ğŸ’”; coeur brisÃ© 
ğŸ§¹; balai 
ğŸŸ¤; cercle brun 
ğŸ¤; coeur brun 
ğŸŸ«; carrÃ© brun 
ğŸ›; bug 
ğŸ—; bÃ¢timent construction 
ğŸš…; bullettrain avant 
ğŸŒ¯; burrito 
ğŸšŒ; bus 
ğŸš; busstop 
ğŸ‘¤; buste en silhouette 
ğŸ‘¥; bustes en silhouette 
ğŸ§ˆ; beurre 
ğŸ¦‹; papillon 
ğŸŒµ; cactus 
ğŸ“†; dÃ©chirage calendrier 
ğŸ¤™; appelez-moi la main 
ğŸ¤™ğŸ¿; appelez-moi la main teint foncÃ© 
ğŸ¤™ğŸ»; appelez-moi tends le teint clair 
ğŸ¤™ğŸ¾; appelez-moi main teint moyen foncÃ© 
ğŸ¤™ğŸ¼; appelez-moi le teint moyen lumiÃ¨re main 
ğŸ¤™ğŸ½; appelez-moi le teint moyen main 
ğŸ«; chameau Ã  deux bosse 
ğŸ“·; appareil photo 
ğŸ“¸; appareil photo avec flash 
ğŸ•; camping 
ğŸ•¯; bougie 
ğŸ¬; bonbons 
ğŸ¥«; conserves alimentaires 
ğŸ›¶; canoe 
ğŸ—ƒ; boÃ®te de fichier carte 
ğŸ“‡; carte Index 
ğŸ—‚; sÃ©parateurs d'index de carte 
ğŸ ; cheval de carrousel 
ğŸ; drapeaux 
ğŸ¥•; carotte 
ğŸ°; chÃ¢teau europÃ©en 
ğŸ±; visage de chat 
ğŸ˜¹; chat joie 
ğŸ˜¼; chat sourire en coin 
â›“; chaÃ®nes 
ğŸª‘; chaise 
ğŸ“‰; tableau avec tendance Ã  la baisse 
ğŸ“ˆ; graphique avec tendance Ã  la hausse 
ğŸ’¹; carte 
ğŸ§€; fromage coin 
ğŸ; drapeau Ã  damiers 
ğŸ’; cerises 
ğŸŒ¸; fleurs de cerisier 
â™Ÿ; pion d'Ã©checs 
ğŸŒ°; chÃ¢taigne 
ğŸ”; poulet 
ğŸ§’; enfant 
ğŸ§’ğŸ¿; enfant teint foncÃ© 
ğŸ§’ğŸ»; enfant teint clair 
ğŸ§’ğŸ¾; enfant teint moyen foncÃ© 
ğŸ§’ğŸ¼; enfant teint moyen clair 
ğŸ§’ğŸ½; teint moyen d'enfants 
ğŸš¸; enfants passage 
ğŸ¿; tamia 
ğŸ«; barre de chocolat 
ğŸ¥¢; baguettes 
â›ª; Ã©glise 
ğŸš¬; fumer 
ğŸ¦; cinÃ©ma 
â“‚; m 
ğŸª; tente de cirque 
ğŸ™; paysage urbain 
ğŸŒ†; coucher de soleil ville 
ğŸ—œ; compression 
ğŸ¬; clapper 
ğŸ‘; applaudissement 
ğŸ‘ğŸ¿; mains frappant teint foncÃ© 
ğŸ‘ğŸ»; clapping mains teint clair 
ğŸ‘ğŸ¾; clapping peau moyenne noir ton mains 
ğŸ‘ğŸ¼; clapping peau moyenne lumiÃ¨re ton mains 
ğŸ‘ğŸ½; frappant moyen carnation mains 
ğŸ›; bÃ¢timent classique 
ğŸ»; biÃ¨res 
ğŸ¥‚; verres tintent 
ğŸ“‹; presse-papier 
ğŸ”ƒ; flÃ¨ches dans le sens horaire 
ğŸ“•; livre fermÃ© 
ğŸ“ª; boÃ®te fermÃ©e 
ğŸ“«; boÃ®te aux lettres 
ğŸŒ‚; parapluie fermÃ© 
â˜; nuage 
ğŸŒ©; nuage avec la foudre 
â›ˆ; tonnerre nuage et pluie 
ğŸŒ§; nuage avec de la pluie 
ğŸŒ¨; nuage de neige 
ğŸ¤¡; visage de clown 
â™£; clubs 
ğŸ‘; poche 
ğŸ§¥; manteau 
ğŸ¸; cocktail 
ğŸ¥¥; coco 
âš°; cercueil 
ğŸ¥¶; visage froid 
ğŸ’¥; boum 
â˜„; comÃ¨te 
ğŸ§­; boussole 
ğŸ’½; minidisc 
ğŸ–±; trois souris bouton 
ğŸŠ; balle confettis 
ğŸ˜–; confondu 
ğŸ˜•; confus 
ğŸš§; construction 
ğŸ‘·; travailleur de la construction 
ğŸ‘·ğŸ¿; construction carnation travailleur noir 
ğŸ‘·ğŸ»; travailleur de la construction teint clair 
ğŸ‘·ğŸ¾; peau moyenne noir travailleur de la construction ton 
ğŸ‘·ğŸ¼; con struction teint moyen lumiÃ¨re travailleur 
ğŸ‘·ğŸ½; ton travailleur de la construction de la peau moyenne 
ğŸ›; boutons de commande 
ğŸª; dÃ©panneur 
ğŸš; riz 
ğŸª; biscuit 
ğŸ³; oeuf 
Â©; copyright 
ğŸ›‹; canapÃ© et lampe 
ğŸ”„; flÃ¨ches antihoraire 
ğŸ’‘; couple avec coeur 
ğŸ‘¨â€â¤ï¸â€ğŸ‘¨; couple avec l'homme de coeur homme 
ğŸ‘©â€â¤ï¸â€ğŸ‘¨; couple avec femme coeur homme 
ğŸ‘©â€â¤ï¸â€ğŸ‘©; couple avec coeur femme femme 
ğŸ®; visage de vache 
ğŸ¤ ; face chapeau de cowboy 
ğŸ¦€; crabe 
ğŸ–; lower crayon gauche 
ğŸ’³; carte de crÃ©dit 
ğŸŒ™; croissant de lune 
ğŸ¦—; cricket 
ğŸ; batte de cricket et balle 
ğŸŠ; crocodile 
ğŸ¥; croissant 
âŒ; x 
â; nÃ©gatif carrÃ© marque croix 
ğŸ¤; doigts croisÃ©s 
ğŸ¤ğŸ¿; doigts croisÃ©s noir teint 
ğŸ¤ğŸ»; teint lumiÃ¨re doigts croisÃ©s 
ğŸ¤ğŸ¾; peau moyenne foncÃ© doigts ton croisÃ©s 
ğŸ¤ğŸ¼; moyenne lumiÃ¨re carnation doigts croisÃ©s 
ğŸ¤ğŸ½; doigts croisÃ©s carnation moyenne 
ğŸŒ; drapeaux croisÃ©s 
âš”; Ã©pÃ©es croisÃ©es 
ğŸ‘‘; couronne 
ğŸ˜¿; pleurer visage de chat 
ğŸ˜¢; cri 
ğŸ”®; boule de cristal 
ğŸ¥’; concombre 
ğŸ§; petit gÃ¢teau 
ğŸ¥¤; Coupe de paille 
ğŸ¥Œ; pierre de curling 
ğŸ¦±; cheveux bouclÃ©s 
ğŸ‘¨â€ğŸ¦±; homme aux cheveux bouclÃ©s 
ğŸ‘©â€ğŸ¦±; femme aux cheveux bouclÃ©s 
â°; boucle bouclÃ©e 
ğŸ’±; change 
ğŸ›; curry 
ğŸ®; crÃ¨me anglaise 
ğŸ›ƒ; douanes 
ğŸ¥©; coupe de viande 
ğŸŒ€; cyclone 
ğŸ—¡; poignard couteau 
ğŸ¡; Dango 
ğŸ’¨; tableau de bord 
ğŸ§; sourd 
ğŸŒ³; arbre Ã  feuilles caduques 
ğŸ¦Œ; cerfs 
ğŸšš; camion 
ğŸ¬; magasin 
ğŸš; construction maison abandonnÃ©e 
ğŸœ; dÃ©sert 
ğŸ; Ã®le dÃ©serte 
ğŸ–¥; ordinateur de bureau 
ğŸ•µ; Sleuth ou espion 
ğŸ•µğŸ¿; dÃ©tective teint foncÃ© 
ğŸ•µğŸ»; detective teint clair 
ğŸ•µğŸ¾; teint moyen noir dÃ©tective 
ğŸ•µğŸ¼; dÃ©tective teint moyen clair 
ğŸ•µğŸ½; teint moyen dÃ©tective 
â™¦; diamants 
ğŸ’ ; forme de diamant avec un point Ã  l'intÃ©rieur 
ğŸ”…; faible luminositÃ© 
ğŸ¯; flÃ©chette 
ğŸ˜; dÃ©Ã§u 
ğŸ¤¿; masque de plongÃ©e 
ğŸª”; lampe diya 
ğŸ’«; vertige 
ğŸ˜µ; visage vertige 
ğŸ§¬; adn 
ğŸ¶; visage de chien 
ğŸ’µ; dollar 
ğŸ¬; Flipper 
ğŸšª; porte 
ğŸ”¯; Ã©toile Ã  six branches 
â¿; boucle 
â€¼; bangbang 
ğŸ©; beignet 
ğŸ•Š; colombe de la paix 
â†™; flÃ¨che en bas Ã  gauche 
â†˜; flÃ¨che en bas Ã  droite 
â¬‡; flÃ¨che vers le bas 
ğŸ˜“; sueur 
ğŸ”½; flÃ¨che vers le bas petit 
ğŸ‰; dragon 
ğŸ²; visage dragon 
ğŸ‘—; robe 
ğŸ¤¤; bave visage 
ğŸ©¸; goutte de sang 
ğŸ’§; goutte 
ğŸ¥; tambour 
ğŸ¦†; canard 
ğŸ¥Ÿ; boulette 
ğŸ“€; dvd 
ğŸ“§; e mail 
ğŸ¦…; eagle 
ğŸ‘‚; oreille 
ğŸ‘‚ğŸ¿; oreille teint foncÃ© 
ğŸ‘‚ğŸ»; oreille teint lumiÃ¨re 
ğŸ‘‚ğŸ¾; peau moyenne noire oreille ton 
ğŸ‘‚ğŸ¼; moyen de l'oreille teint -light 
ğŸ‘‚ğŸ½; teint moyen de l'oreille 
ğŸŒ½; maÃ¯s 
ğŸ¦»; oreille aide auditive 
â¤ï¸; Coeur rouge
ğŸ–¤; Coeur noir
ğŸ’›; Coeur jaune
ğŸ’š; Coeur vert
ğŸ’™; Coeur bleu
ğŸ’œ; Coeur violet
ğŸ¤; Coeur blanc
ğŸ†; aubergines 
âœ´; huit Ã©toile noire pointue 
âœ³; huit astÃ©risque spoked 
ğŸ•£; clock830 
ğŸ•—; clock8 
â; symbole d'Ã©jection 
ğŸ”Œ; prise Ã©lectrique 
ğŸ˜; Ã©lÃ©phant 
ğŸ•¦; clock1130 
ğŸ•š; clock11 
ğŸ§; elfe 
ğŸ§ğŸ¿; teint elfe noir 
ğŸ§ğŸ»; elfe teint clair 
ğŸ§ğŸ¾; teint moyen elfe noir 
ğŸ§ğŸ¼; teint moyen-lumiÃ¨re elfe 
ğŸ§ğŸ½; elfe moyen carnation 
âœ‰; email 
ğŸ“©; enveloppe flÃ¨che 
ğŸ’¶; euro 
ğŸŒ²; arbre Ã  feuilles persistantes 
ğŸ‘; moutons 
â—; lourd point d'exclamation 
â‰; interrobang 
ğŸ¤¯; il explose annonce 
ğŸ˜‘; inexpressif 
ğŸ‘; oeil 
ğŸ‘ï¸â€ğŸ—¨ï¸; oeil Ã  bulle 
ğŸ‘€; yeux 
ğŸ˜˜; embrasser coeur 
ğŸ˜‹; yum 
ğŸ˜±; cri 
ğŸ¤®; visage vomissements 
ğŸ¤­; visage avec la main sur la bouche 
ğŸ¤•; visage avec bandage tÃªte 
ğŸ˜·; masque 
ğŸ§; visage avec monocle 
ğŸ˜®; bouche ouverte 
ğŸ¤¨; visage avec sourcil levÃ© 
ğŸ™„; visage yeux rÃ©vulsÃ©s 
ğŸ˜¤; triomphe 
ğŸ¤¬; visage avec des symboles sur la bouche 
ğŸ˜‚; joie 
ğŸ¤’; visage avec un thermomÃ¨tre 
ğŸ˜›; coincÃ© langue 
ğŸ˜¶; pas de bouche 
ğŸ­; usine 
ğŸ§š; fÃ©e 
ğŸ§šğŸ¿; fÃ©e teint foncÃ© 
ğŸ§šğŸ»; fÃ©e teint lumiÃ¨re 
ğŸ§šğŸ¾; fÃ©e teint moyen foncÃ© 
ğŸ§šğŸ¼; fÃ©e peau moyenne lumiÃ¨re ton 
ğŸ§šğŸ½; teint moyen de fÃ©es 
ğŸ§†; falafel 
ğŸ‚; tombÃ© feuille 
ğŸ‘ª; famille 
ğŸ‘¨â€ğŸ‘¦; famille garÃ§on homme 
ğŸ‘¨â€ğŸ‘¦â€ğŸ‘¦; famille garÃ§on garÃ§on homme 
ğŸ‘¨â€ğŸ‘§; famille fille homme 
ğŸ‘¨â€ğŸ‘§â€ğŸ‘¦; homme famille fille garÃ§on
ğŸ‘¨â€ğŸ‘§â€ğŸ‘§;famille fille fille homme 
ğŸ‘¨â€ğŸ‘¨â€ğŸ‘¦; famille garÃ§on homme homme 
ğŸ‘¨â€ğŸ‘¨â€ğŸ‘¦â€ğŸ‘¦; homme garÃ§on homme famille garÃ§on 
ğŸ‘¨â€ğŸ‘¨â€ğŸ‘§; famille fille homme homme 
ğŸ‘¨â€ğŸ‘¨â€ğŸ‘§â€ğŸ‘¦; homme famille homme fille garÃ§on 
ğŸ‘¨â€ğŸ‘¨â€ğŸ‘§â€ğŸ‘§; homme famille fille fille homme 
ğŸ‘¨â€ğŸ‘©â€ğŸ‘¦; homme famille femme garÃ§on 
ğŸ‘¨â€ğŸ‘©â€ğŸ‘¦â€ğŸ‘¦; homme famille femme garÃ§on garÃ§on 
ğŸ‘¨â€ğŸ‘©â€ğŸ‘§; homme famille femme fille 
ğŸ‘¨â€ğŸ‘©â€ğŸ‘§â€ğŸ‘¦; famille homme femme fille garÃ§on 
ğŸ‘¨â€ğŸ‘©â€ğŸ‘§â€ğŸ‘§; famille homme femme fille fille 
ğŸ‘©â€ğŸ‘¦; famille femme garÃ§on 
ğŸ‘©â€ğŸ‘¦â€ğŸ‘¦; femme garÃ§on garÃ§on famille 
ğŸ‘©â€ğŸ‘§; famille femme fille 
ğŸ‘©â€ğŸ‘§â€ğŸ‘¦; famille femme fille garÃ§on 
ğŸ‘©â€ğŸ‘§â€ğŸ‘§; femme fille famille fille 
ğŸ‘©â€ğŸ‘©â€ğŸ‘¦; femme femme famille garÃ§on 
ğŸ‘©â€ğŸ‘©â€ğŸ‘¦â€ğŸ‘¦; famille femme femme garÃ§on garÃ§on 
ğŸ‘©â€ğŸ‘©â€ğŸ‘§; femme famille femme fille 
ğŸ‘©â€ğŸ‘©â€ğŸ‘§â€ğŸ‘¦; femme famille femme fille garÃ§on 
ğŸ‘©â€ğŸ‘©â€ğŸ‘§â€ğŸ‘§; femme famille femme fille fille 
â©; avance rapide 
â¬; double flÃ¨che vers le bas 
âª; retour rapide 
â«; double flÃ¨che haut 
ğŸ“ ; fax 
ğŸ˜¨; signe femme 
â™€; 
ğŸ¡; peur roue 
â›´; Ferry 
ğŸ‘; bÃ¢ton de hockey sur gazon et balle 
ğŸ—„; classeur 
ğŸ“; dossier 
ğŸ; films cadres 
ğŸ“½; projecteur de film 
ğŸ”¥; feu 
ğŸ§¯; extincteur 
ğŸ§¨; pÃ©tard 
ğŸš’; autopompe 
ğŸ†; feux d'artifice 
ğŸŒ“; premier quart de lune 
ğŸŒ›; premier trimestre lune avec le visage 
ğŸŸ; poisson 
ğŸ¥; gÃ¢teau poisson 
ğŸ£; canne Ã  pÃªche et poisson 
ğŸ• ; clock530 
ğŸ•”; clock5 
â›³; golf 
ğŸ¦©; flamant 
ğŸ”¦; lampe de poche 
ğŸ¥¿; chaussures plates 
âšœ; fleur de lis 
ğŸ’ª; muscle 
ğŸ’ªğŸ¿; tonicitÃ© de la peau biceps flÃ©chis foncÃ© 
ğŸ’ªğŸ»; biceps flÃ©chis teint clair 
ğŸ’ªğŸ¾; teint biceps flÃ©chis moyen foncÃ© 
ğŸ’ªğŸ¼; biceps flÃ©chis s moyennes lumiÃ¨re ton parent 
ğŸ’ªğŸ½; teint moyen biceps flÃ©chis 
ğŸ’¾; disquette 
ğŸ´; cartes Ã  jouer de fleurs 
ğŸ˜³; rincÃ©e 
ğŸ¥; disque volant 
ğŸ›¸; soucoupe volante 
ğŸŒ«; brouillard 
ğŸŒ; brumeuse 
ğŸ™; prier 
ğŸ™ğŸ¿; mains teint foncÃ© pliÃ© 
ğŸ™ğŸ»; teint lumiÃ¨re mains pliÃ©es 
ğŸ™ğŸ¾; moyen foncÃ© teint mains jointes 
ğŸ™ğŸ¼; mains jointes teint moyen lumiÃ¨re 
ğŸ™ğŸ½; teint moyen mains pliÃ©es 
ğŸ¦¶; pied 
ğŸ‘£; empreinte 
ğŸ´; fourchette et un couteau 
ğŸ½; fourchette et un couteau avec plaque 
ğŸ¥ ; biscuit de fortune 
â›²; fontaine 
ğŸ–‹; abaisser stylo plume gauche 
ğŸ•Ÿ; clock430 
ğŸ€; trÃ¨fle Ã  quatre feuilles 
ğŸ•“; clock4 
ğŸ¦Š; visage de renard 
ğŸ–¼; frame avec photo 
ğŸŸ; frites 
ğŸ¤; crevettes frites 
ğŸ¸; grenouille 
ğŸ¥; poussin Ã©clos 
â˜¹; blanc visage renfrognÃ© 
ğŸ˜¦; fronÃ§ant les sourcils 
â›½; POMPE Ã  ESSENCE 
ğŸŒ•; pleine lune 
ğŸŒ; pleine lune avec le visage 
âš±; urne funÃ©raire 
ğŸ²; die jeu 
ğŸ§„; ail 
âš™; matÃ©riel 
ğŸ’; gemme 
ğŸ§; genie 
ğŸ‘»; fantÃ´me 
ğŸ¦’; girafe 
ğŸ‘§; fille 
ğŸ‘§ğŸ¿; fille teint foncÃ© 
ğŸ‘§ğŸ»; fille teint lumiÃ¨re 
ğŸ‘§ğŸ¾; fille moyenne noir teint 
ğŸ‘§ğŸ¼; fille teint moyen lumiÃ¨re 
ğŸ‘§ğŸ½; ton fille peau moyenne 
ğŸ¥›; verre de lait 
ğŸ‘“; lunettes 
ğŸŒ; amÃ©riques de terre 
ğŸŒ; terre asie 
ğŸŒ; terre afrique 
ğŸŒ; monde avec mÃ©ridiens 
ğŸ§¤; gants 
ğŸŒŸ; star2 
ğŸ¥…; but dans un filet 
ğŸ; chÃ¨vre 
ğŸ‘º; gobelin japonais 
ğŸ¥½; lunettes 
ğŸ¦; gorille 
ğŸ“; planche Ã  mortier 
ğŸ‡; raisins 
ğŸ; pomme verte 
ğŸ“—; livre vert 
ğŸŸ¢; cercle vert 
ğŸ’š; coeur vert 
ğŸ¥—; salade verte 
ğŸŸ©; carrÃ© vert 
ğŸ˜¬; grimacer 
ğŸ˜º; chat smiley 
ğŸ˜¸; chat sourire 
ğŸ˜€; sourire 
ğŸ˜ƒ; 
ğŸ˜„; sourire sueur 
ğŸ˜…; grimaÃ§ant 
ğŸ˜†; smiley satisfait 
ğŸ’—; heartpulse 
ğŸ’‚; guardsman 
ğŸ’‚ğŸ¿; garde le teint foncÃ© 
ğŸ’‚ğŸ»; garder le teint clair 
ğŸ’‚ğŸ¾; garde le teint moyen foncÃ© 
ğŸ’‚ğŸ¼; garde le teint moyen clair 
ğŸ’‚ğŸ½; garde le teint moyen 
ğŸ¦®; chien guide 
ğŸ¸; guitare 
ğŸ”; hamburgers 
ğŸ”¨; marteau 
âš’; marteau et ramasser 
ğŸ› ; marteau et clÃ© 
ğŸ¹; hamster 
ğŸ–; Lever la main avec les doigts Ã©vasÃ© 
ğŸ–ğŸ¿; main avec les doigts Ã©vasÃ©s teint foncÃ© 
ğŸ–ğŸ»; main avec les doigts Ã©vasÃ©s teint clair 
ğŸ–ğŸ¾; main avec les doigts Ã©vasÃ© teint moyen foncÃ© 
ğŸ–ğŸ¼; main avec les doigts moyen Ã©vasÃ© tonus de la peau -light 
ğŸ–ğŸ½; main avec les doigts Ã©vasÃ© teint moyen 
ğŸ‘œ; sac Ã  main 
ğŸ¤; poignÃ©e de main 
ğŸ£; chick Ã©closion 
ğŸ§; Ã©couteurs 
ğŸ™‰; entendre pas mal 
ğŸ’Ÿ; dÃ©coration coeur 
â™¥; coeurs 
ğŸ’˜; cupidon 
ğŸ’; coeur cadeau 
âœ”; coche lourde 
â—; signe de division lourde 
ğŸ’²; signe dollar lourd 
â£; coeur lourd ornement point d'exclamation 
â­•; o 
â–; lourde signe moins 
âœ–; multiplication lourde x 
â•; lourd signe plus 
ğŸ¦”; hÃ©risson 
ğŸš; hÃ©licoptÃ¨re 
ğŸŒ¿; herbe 
ğŸŒº; hibiscus 
ğŸ‘ ; talon haut 
ğŸš„; cÃ´tÃ© bullettrain 
âš¡; zapper 
ğŸ¥¾; botte de randonnÃ©e 
ğŸ›•; temple hindu 
ğŸ¦›; hippopotamus 
ğŸ•³; trou 
ğŸ¯; pot de miel 
ğŸ; abeille 
ğŸš¥; trafic lumiÃ¨re 
ğŸ´; visage de cheval 
ğŸ‡; courses de chevaux 
ğŸ‡ğŸ¿; courses de chevaux carnation sombre 
ğŸ‡ğŸ»; course cheval carnation lumiÃ¨re 
ğŸ‡ğŸ¾; courses de chevaux m oyen foncÃ© teint 
ğŸ‡ğŸ¼; teint moyen-lumiÃ¨re des courses de chevaux 
ğŸ‡ğŸ½; carnation moyen courses de chevaux 
ğŸ¥; hÃ´pital 
â˜•; cafÃ© 
ğŸŒ­; hot dog 
ğŸ¥µ; visage chaud 
ğŸŒ¶; piment 
â™¨; hotsprings 
ğŸ¨; hÃ´tel 
âŒ›; Hourglass 
â³; sable qui coule Hourglass 
ğŸ ; maison 
ğŸ¡; maison avec jardin 
ğŸ˜; maison bÃ¢timents 
ğŸ¤—; face moulants 
ğŸ’¯;100
ğŸ˜¯; feutrÃ© 
ğŸ§Š; glace 
ğŸ¨; crÃ¨me glacÃ©e 
ğŸ’; bÃ¢ton de hockey sur glace et rondelle 
â›¸; patin Ã  glace 
ğŸ“¥; plateau de boÃ®te de rÃ©ception 
ğŸ“¨; enveloppe entrante 
â˜; pointer vers le haut 
â˜ğŸ¿; index pointant vers le haut teint foncÃ© 
â˜ğŸ»; index pointant vers le haut teint clair 
â˜ğŸ¾; index pointant vers le haut moyen carnation -Dark 
â˜ğŸ¼; index pointant vers le haut le teint moyen clair 
â˜ğŸ½; index pointant vers le haut le teint moyen 
â™¾; infini 
â„¹; source d'information 
ğŸ”¤; abc 
ğŸ”¡; abcd 
ğŸ” ; abcd capitale 
ğŸ”¢;1234
ğŸ”£; symboles 
ğŸƒ; lanterne du cric o 
ğŸ‘–; jean 
ğŸ§©; scie sauteuse 
ğŸƒ; farceur noir 
ğŸ•¹; joystick 
ğŸ•‹; Kaaba 
ğŸ¦˜; Kangaroo 
ğŸ”‘; clÃ© 
âŒ¨; clavier 
#ï¸âƒ£; keycap # 
*ï¸âƒ£; keycap * 
0ï¸âƒ£; zero 
1ï¸âƒ£; 
ğŸ”Ÿ; dix 
2ï¸âƒ£; deux 
3ï¸âƒ£; trois 
4ï¸âƒ£; quatre 
5ï¸âƒ£; cinq 
6ï¸âƒ£; six 
7ï¸âƒ£; sept 
8ï¸âƒ£; huit 
9ï¸âƒ£; neuf 
ğŸ›´; trottinette 
ğŸ‘˜; kimono 
ğŸ’‹; marque kiss 
ğŸ‘¨â€â¤ï¸â€ğŸ’‹â€ğŸ‘¨; homme homme baiser 
ğŸ‘©â€â¤ï¸â€ğŸ’‹â€ğŸ‘¨; femme baiser homme 
ğŸ‘©â€â¤ï¸â€ğŸ’‹â€ğŸ‘©; baiser femme femme 
ğŸ˜½; embrasser chat 
ğŸ˜—; embrasser 
ğŸ˜š; embrasser yeux fermÃ©s 
ğŸ˜™; embrasser sourire yeux 
ğŸ”ª; couteau 
ğŸª; kite 
ğŸ¥; fruits kiwi 
ğŸ¨; koala 
ğŸ¥¼; blouse de laboratoire 
ğŸ·; Ã©tiquette 
ğŸ¥; Lacrosse 
ğŸ; colÃ©optÃ¨re 
ğŸ’»; ordinateur 
ğŸ”·; gros diamant bleu 
ğŸ”¶; gros diamant orange 
ğŸŒ—; lune au dernier trimestre 
ğŸŒœ; dernier quart er lune avec le visage 
â®; gauche noir pointant Ã  double triangle avec barre verticale 
âœ; croix latine 
ğŸƒ; feuilles 
ğŸ¥¬; feuilles vertes 
ğŸ“’; grand livre 
ğŸ¤›; poing tournÃ© vers la gauche 
ğŸ¤›ğŸ¿; gauche face carnation poing sombre 
ğŸ¤›ğŸ»; gauche face Ã  carnation poing lÃ©ger 
ğŸ¤›ğŸ¾; gauche face Ã  moyen poing carnation -Dark 
ğŸ¤›ğŸ¼; gauche face carnation moyenne-lumiÃ¨re poing 
ğŸ¤›ğŸ½; gauche face carnation moyenne poing 
â†”; gauche flÃ¨che droite 
â¬…; flÃ¨che gauche 
â†ª; flÃ¨che crochet droit 
ğŸ›…; bagages gauche 
ğŸ—¨; info-bulle gauche 
ğŸ¦µ; jambe 
ğŸ‹; citron 
ğŸ†; lÃ©opard 
ğŸš; curseur de niveau 
ğŸ’¡; ampoule 
ğŸšˆ; train lÃ©ger sur rail 
ğŸ”—; lien 
ğŸ–‡; liÃ©s paperclips 
ğŸ¦; visage de lion 
ğŸ’„; rouge Ã  lÃ¨vres 
ğŸš®; litiÃ¨re mettre Ã  sa place 
ğŸ¦; lÃ©zard 
ğŸ¦™; llama 
ğŸ¦; homard 
ğŸ”’; serrure 
ğŸ”; cadenas fermÃ© Ã  clÃ© 
ğŸ”; serrure avec stylo Ã  encre 
ğŸš‚; locomotive Ã  vapeur 
ğŸ­; sucettes 
ğŸ§´; bouteille de lotion 
ğŸ˜­; sanglot 
ğŸ“¢; haut-parleur 
ğŸ¤Ÿ; amour-vous geste 
ğŸ¤ŸğŸ¿; amour-vous geste teint foncÃ© 
ğŸ¤ŸğŸ»; amour-vous geste teint lumiÃ¨re 
ğŸ¤ŸğŸ¾; amour-vous la peau moyenne noir geste ton 
ğŸ¤ŸğŸ¼; amour-vous le teint moyen lÃ©ger geste 
ğŸ¤ŸğŸ½; amour-vous le teint moyen geste 
ğŸ©; amour hÃ´tel 
ğŸ’Œ; lettre d'amour 
ğŸ§³; bagages 
ğŸ¤¥; couchÃ© visage 
ğŸ§™; mage 
ğŸ§™ğŸ¿; mage carnation sombre 
ğŸ§™ğŸ»; mage teint clair 
ğŸ§™ğŸ¾; mage teint moyen-foncÃ© 
ğŸ§™ğŸ¼; mage moyen clair teint 
ğŸ§™ğŸ½; ton mage peau moyenne 
ğŸ§²; aimant 
ğŸ”; mag 
ğŸ”; mag right 
ğŸ€„; ma hjong 
â™‚; signe homme 
ğŸ‘¨; homme 
ğŸ‘«;" couple; "
ğŸ‘¨â€ğŸ¨; homme artiste 
ğŸ‘¨ğŸ¿â€ğŸ¨; homme artiste teint foncÃ© 
ğŸ‘¨ğŸ»â€ğŸ¨; homme artiste teint clair 
ğŸ‘¨ğŸ¾â€ğŸ¨; homme artiste moyen foncÃ© teint 
ğŸ‘¨ğŸ¼â€ğŸ¨; homme artiste moyen lÃ©ger teint 
ğŸ‘¨ğŸ½â€ğŸ¨; homme artiste teint moyen 
ğŸ‘¨â€ğŸš€; homme astronaute 
ğŸ‘¨ğŸ¿â€ğŸš€; homme carnation astronaute noir 
ğŸ‘¨ğŸ»â€ğŸš€; homme astronaute teint lumiÃ¨re 
ğŸ‘¨ğŸ¾â€ğŸš€; homme astronaute moyen foncÃ© teint 
ğŸ‘¨ğŸ¼â€ğŸš€; homme teint moyen-lumiÃ¨re astronaute 
ğŸ‘¨ğŸ½â€ğŸš€; homme teint moyen astronaute 
ğŸš´â€â™‚ï¸; vÃ©lo homme 
ğŸš´ğŸ¿â€â™‚ï¸; homme vÃ©lo teint foncÃ© 
ğŸš´ğŸ»â€â™‚ï¸; homme vÃ©lo carnation lumiÃ¨re 
ğŸš´ğŸ¾â€â™‚ï¸; vÃ©lo homme moyen foncÃ© teint 
ğŸš´ğŸ¼â€â™‚ï¸; homme teint moyen-lumiÃ¨re vÃ©lo 
ğŸš´ğŸ½â€â™‚ï¸; homme moyen carnation vÃ©lo 
â›¹ï¸â€â™‚ï¸; homme balle rebondissante 
â›¹ğŸ¿â€â™‚ï¸; homme balle bondissante teint foncÃ© 
â›¹ğŸ»â€â™‚ï¸; homme balle bondissante teint clair 
â›¹ğŸ¾â€â™‚ï¸; peau homme rebondissant moyen foncÃ© balle ton 
â›¹ğŸ¼â€â™‚ï¸; balle rebondissante homme moyen lÃ©ger teint 
â›¹ğŸ½â€â™‚ï¸; homme rebondissant le teint moyen de balle 
ğŸ™‡â€â™‚ï¸; homme saluant 
ğŸ™‡ğŸ¿â€â™‚ï¸; homme saluant le teint foncÃ© 
ğŸ™‡ğŸ»â€â™‚ï¸; homme s'inclinant le teint clair 
ğŸ™‡ğŸ¾â€â™‚ï¸; homme s'inclinant la peau moyenne noir ton 
ğŸ™‡ğŸ¼â€â™‚ï¸; homme saluant le teint moyen clair 
ğŸ™‡ğŸ½â€â™‚ï¸; homme saluant le teint moyen 
ğŸ¤¸â€â™‚ï¸; l'homme se renversant 
ğŸ¤¸ğŸ¿â€â™‚ï¸; homme teint renversant sur le cÃ´tÃ© sombre 
ğŸ¤¸ğŸ»â€â™‚ï¸; homme teint renversant sur la lumiÃ¨re 
ğŸ¤¸ğŸ¾â€â™‚ï¸; homme peau foncÃ© moyen se renversant Ã  ne 
ğŸ¤¸ğŸ¼â€â™‚ï¸; homme se renversant sur le moyen lÃ©ger teint 
ğŸ¤¸ğŸ½â€â™‚ï¸; homme renversant sur le teint moyen 
ğŸ§—â€â™‚ï¸; escalade homme 
ğŸ§—ğŸ¿â€â™‚ï¸; escalade homme teint foncÃ© 
ğŸ§—ğŸ»â€â™‚ï¸; homme escalade teint clair 
ğŸ§—ğŸ¾â€â™‚ï¸; homme teint moyen foncÃ© escalade 
ğŸ§—ğŸ¼â€â™‚ï¸; homme teint moyen-lumiÃ¨re escalade 
ğŸ§—ğŸ½â€â™‚ï¸; homme moyen d'escalade peau ton 
ğŸ‘·â€â™‚ï¸; travailleur de la construction de l'homme 
ğŸ‘·ğŸ¿â€â™‚ï¸; homme travailleur de la construction teint foncÃ© 
ğŸ‘·ğŸ»â€â™‚ï¸; homme travailleur de la construction teint clair 
ğŸ‘·ğŸ¾â€â™‚ï¸; homme teint moyen foncÃ© travailleur de la construction 
ğŸ‘·ğŸ¼â€â™‚ï¸; homme teint moyen-lÃ©ger travailleur de la construction 
ğŸ‘·ğŸ½â€â™‚ï¸; homme teint moyen des travailleurs de la construction 
ğŸ‘¨â€ğŸ³; homme cuisinier 
ğŸ‘¨ğŸ¿â€ğŸ³; homme cuire le teint foncÃ© 
ğŸ‘¨ğŸ»â€ğŸ³; homme cuire le teint clair 
ğŸ‘¨ğŸ¾â€ğŸ³; homme cuire le teint moyen foncÃ© 
ğŸ‘¨ğŸ¼â€ğŸ³; homme cuire le teint moyen lumiÃ¨re 
ğŸ‘¨ğŸ½â€ğŸ³; homme cuire le teint moyen 
ğŸ•º; danse homme 
ğŸ•ºğŸ¿; homme danse teint foncÃ© 
ğŸ•ºğŸ»; homme danse teint lumiÃ¨re 
ğŸ•ºğŸ¾; homme qui danse moyen foncÃ© teint 
ğŸ•ºğŸ¼; homme danse moyen lÃ©ger teint 
ğŸ•ºğŸ½; homme teint moyen de danse 
ğŸ‘¨ğŸ¿; homme teint foncÃ© 
ğŸ•µï¸â€â™‚ï¸; dÃ©tective homme 
ğŸ•µğŸ¿â€â™‚ï¸; homme dÃ©tective teint foncÃ© 
ğŸ•µğŸ»â€â™‚ï¸; ton dÃ©tective peau claire homme 
ğŸ•µğŸ¾â€â™‚ï¸; peau dÃ©tective homme moyen noir ton 
ğŸ•µğŸ¼â€â™‚ï¸; dÃ©tective homme moyen lÃ©ger teint 
ğŸ•µğŸ½â€â™‚ï¸; homme teint moyen dÃ©tective 
ğŸ§â€â™‚ï¸; homme elfe 
ğŸ§ğŸ¿â€â™‚ï¸; Homme teint elfe noir 
ğŸ§ğŸ»â€â™‚ï¸; homme teint lumiÃ¨re 
ğŸ§ğŸ¾â€â™‚ï¸; homme ton elfe de peau moyen foncÃ© 
ğŸ§ğŸ¼â€â™‚ï¸; homme teint moyen-lumiÃ¨re elfe 
ğŸ§ğŸ½â€â™‚ï¸; homme teint moyen elfe 
ğŸ¤¦â€â™‚ï¸; homme facepalming 
ğŸ¤¦ğŸ¿â€â™‚ï¸; homme facepalming teint foncÃ© 
ğŸ¤¦ğŸ»â€â™‚ï¸; homme facepalming teint clair 
ğŸ¤¦ğŸ¾â€â™‚ï¸; homme facepalming teint moyen foncÃ©
ğŸ¤¦ğŸ¼â€â™‚ï¸;homme facepalming moyen lÃ©ger teint 
ğŸ¤¦ğŸ½â€â™‚ï¸; homme facepalming teint moyen 
ğŸ‘¨â€ğŸ­; ouvrier homme 
ğŸ‘¨ğŸ¿â€ğŸ­; ouvrier homme teint foncÃ© 
ğŸ‘¨ğŸ»â€ğŸ­; homme ouvrier teint clair 
ğŸ‘¨ğŸ¾â€ğŸ­; homme teint moyen foncÃ© ouvrier usine 
ğŸ‘¨ğŸ¼â€ğŸ­; homme teint moyen-lÃ©ger ouvrier d'usine 
ğŸ‘¨ğŸ½â€ğŸ­; homme teint moyen des travailleurs de l'usine 
ğŸ§šâ€â™‚ï¸; fÃ©e homme 
ğŸ§šğŸ¿â€â™‚ï¸; fÃ©e homme teint foncÃ© 
ğŸ§šğŸ»â€â™‚ï¸; fÃ©e homme teint clair 
ğŸ§šğŸ¾â€â™‚ï¸; homme teint moyen foncÃ© fÃ©e 
ğŸ§šğŸ¼â€â™‚ï¸; homme teint moyen-lumiÃ¨re fÃ©e 
ğŸ§šğŸ½â€â™‚ï¸; homme teint moyen de fÃ©es 
ğŸ‘¨â€ğŸŒ¾; fermier homme 
ğŸ‘¨ğŸ¿â€ğŸŒ¾; homme fermier noir tonus de la peau 
ğŸ‘¨ğŸ»â€ğŸŒ¾; farmer homme teint clair 
ğŸ‘¨ğŸ¾â€ğŸŒ¾; homme peau moyenne noir ton fermier 
ğŸ‘¨ğŸ¼â€ğŸŒ¾; homme teint moyen-lÃ©ger fermier 
ğŸ‘¨ğŸ½â€ğŸŒ¾; fermier homme moyen carnation 
ğŸ‘¨â€ğŸš’; pompier homme 
ğŸ‘¨ğŸ¿â€ğŸš’; pompier homme teint foncÃ© 
ğŸ‘¨ğŸ»â€ğŸš’; homme pompier teint clair 
ğŸ‘¨ğŸ¾â€ğŸš’; homme pompier moyen foncÃ© teint 
ğŸ‘¨ğŸ¼â€ğŸš’; teint moyen-lumiÃ¨re pompier homme 
ğŸ‘¨ğŸ½â€ğŸš’; pompier homme teint moyen 
ğŸ™â€â™‚ï¸; homme renfrognÃ© 
ğŸ™ğŸ¿â€â™‚ï¸; homme fronÃ§ant les sourcils teint foncÃ© 
ğŸ™ğŸ»â€â™‚ï¸; homme fronÃ§ant les sourcils teint clair 
ğŸ™ğŸ¾â€â™‚ï¸; homme fronÃ§ant les sourcils teint moyen foncÃ© 
ğŸ™ğŸ¼â€â™‚ï¸; homme fronÃ§ant les sourcils teint moyen lumiÃ¨re 
ğŸ™ğŸ½â€â™‚ï¸; homme fronÃ§ant les sourcils teint moyen 
ğŸ§â€â™‚ï¸; homme genie 
ğŸ™…â€â™‚ï¸; homme gesticulant NO 
ğŸ™…ğŸ¿â€â™‚ï¸; homme gesticulant NO noir teint 
ğŸ™…ğŸ»â€â™‚ï¸; homme gesticulant NO teint clair 
ğŸ™…ğŸ¾â€â™‚ï¸; homme gesticulant NO teint moyen foncÃ© 
ğŸ™…ğŸ¼â€â™‚ï¸; homme gesticulant NO moyen lÃ©ger teint 
ğŸ™…ğŸ½â€â™‚ï¸; homme gesticulant teint NO moyen 
ğŸ™†â€â™‚ï¸; homme gesticulant OK 
ğŸ™†ğŸ¿â€â™‚ï¸; homme gesticulant carnation OK foncÃ© 
ğŸ™†ğŸ»â€â™‚ï¸; homme gesticulant lumiÃ¨re OK carnation 
ğŸ™†ğŸ¾â€â™‚ï¸; homme gesticulant OK teint moyen foncÃ© 
ğŸ™†ğŸ¼â€â™‚ï¸; homme gesticulant OK carnation moyenne lumiÃ¨re 
ğŸ™†ğŸ½â€â™‚ï¸; homme gesticulant teint moyen OK 
ğŸ’‡â€â™‚ï¸; homme se coupe de cheveux 
ğŸ’‡ğŸ¿â€â™‚ï¸; homme obtenir le teint coupe de cheveux noir 
ğŸ’‡ğŸ»â€â™‚ï¸; homme obtenir le teint clair de coupe de cheveux 
ğŸ’‡ğŸ¾â€â™‚ï¸; homme obtenir moyen de coupe teint -Dark 
ğŸ’‡ğŸ¼â€â™‚ï¸; homme obtenir le teint moyen-lÃ©ger coupe 
ğŸ’‡ğŸ½â€â™‚ï¸; homme obtenir le teint moyen de coupe 
ğŸ’†â€â™‚ï¸; homme obtenir massage 
ğŸ’†ğŸ¿â€â™‚ï¸; homme obtenir le teint foncÃ© massage 
ğŸ’†ğŸ»â€â™‚ï¸; homme obtenir le teint lÃ©ger massage 
ğŸ’†ğŸ¾â€â™‚ï¸; homme obtenir une peau mi-noire massage ton 
ğŸ’†ğŸ¼â€â™‚ï¸; homme se le teint moyen lÃ©ger massage 
ğŸ’†ğŸ½â€â™‚ï¸; homme obtenir le teint moyen de massage 
ğŸŒï¸â€â™‚ï¸; golf homme 
ğŸŒğŸ¿â€â™‚ï¸; peau homme golf foncÃ© ton 
ğŸŒğŸ»â€â™‚ï¸; homme golf teint clair 
ğŸŒğŸ¾â€â™‚ï¸; homme teint moyen foncÃ© golf 
ğŸŒğŸ¼â€â™‚ï¸; homme teint moyen-lumiÃ¨re golf 
ğŸŒğŸ½â€â™‚ï¸; homme teint moyen de golf 
ğŸ’‚â€â™‚ï¸; garde homme 
ğŸ’‚ğŸ¿â€â™‚ï¸; homme garde le teint foncÃ© 
ğŸ’‚ğŸ»â€â™‚ï¸; homme garde la peau lumiÃ¨re ne 
ğŸ’‚ğŸ¾â€â™‚ï¸; homme garde moyen foncÃ© teint 
ğŸ’‚ğŸ¼â€â™‚ï¸; homme garde moyen lÃ©ger teint 
ğŸ’‚ğŸ½â€â™‚ï¸; homme garde le teint moyen 
ğŸ‘¨â€âš•ï¸; agent de santÃ© homme 
ğŸ‘¨ğŸ¿â€âš•ï¸; homme teint foncÃ© des travailleurs de la santÃ© 
ğŸ‘¨ğŸ»â€âš•ï¸; agent de santÃ© homme teint lumiÃ¨re 
ğŸ‘¨ğŸ¾â€âš•ï¸; homme peau moyenne noir agent de santÃ© ton 
ğŸ‘¨ğŸ¼â€âš•ï¸; moyenne lumiÃ¨re teint agent de santÃ© homme 
ğŸ‘¨ğŸ½â€âš•ï¸; agent de santÃ© homme teint moyen 
ğŸ§˜â€â™‚ï¸; homme en position de lotus 
ğŸ§˜ğŸ¿â€â™‚ï¸; homme en position de lotus teint foncÃ© 
ğŸ§˜ğŸ»â€â™‚ï¸; homme dans le ton de la peau claire de la position du lotus 
ğŸ§˜ğŸ¾â€â™‚ï¸; homme dans la peau mi-noire position du lotus ton 
ğŸ§˜ğŸ¼â€â™‚ï¸; homme le teint moyen lumiÃ¨re Posture du lotus 
ğŸ§˜ğŸ½â€â™‚ï¸; homme teint moyen de position de lotus 
ğŸ‘¨â€ğŸ¦½; homme en fauteuil roulant manuel 
ğŸ‘¨â€ğŸ¦¼; homme en fauteuil roulant motorisÃ© 
ğŸ§–â€â™‚ï¸; homme dans la chambre chaude et humide 
ğŸ§–ğŸ¿â€â™‚ï¸; homme dans le ton de la peau chaude et humide chambre sombre 
ğŸ§–ğŸ»â€â™‚ï¸; homme dans la chambre chaude et humide teint clair 
ğŸ§–ğŸ¾â€â™‚ï¸; homme chaud et humide chambre teint moyen foncÃ© 
ğŸ§–ğŸ¼â€â™‚ï¸; homme teint moyen-lumiÃ¨re piÃ¨ce embuÃ©e 
ğŸ§–ğŸ½â€â™‚ï¸; homme teint moyen de piÃ¨ce embuÃ©e 
ğŸ•´; homme en costume d'affaires lÃ©viter 
ğŸ•´ğŸ¿; homme en costume lÃ©viter teint foncÃ© 
ğŸ•´ğŸ»; homme en costume lÃ©viter teint clair 
ğŸ•´ğŸ¾; homme en costume lÃ©viter le teint moyen foncÃ© 
ğŸ•´ğŸ¼; homme en costume teint moyen-lumiÃ¨re lÃ©vitation 
ğŸ•´ğŸ½; homme en costume levitat ing teint moyen 
ğŸ¤µ; homme tuxedo 
ğŸ¤µğŸ¿; homme teint tuxedo noir 
ğŸ¤µğŸ»; homme tuxedo teint clair 
ğŸ¤µğŸ¾; homme dans la peau tuxedo moyen foncÃ© ton 
ğŸ¤µğŸ¼; homme teint tuxedo moyenne lumiÃ¨re 
ğŸ¤µğŸ½; homme teint moyen tuxedo 
ğŸ‘¨â€âš–ï¸; juge de l'homme 
ğŸ‘¨ğŸ¿â€âš–ï¸; l'homme juge teint foncÃ© 
ğŸ‘¨ğŸ»â€âš–ï¸; homme juge carnation lumiÃ¨re 
ğŸ‘¨ğŸ¾â€âš–ï¸; homme juge moyen foncÃ© carnation 
ğŸ‘¨ğŸ¼â€âš–ï¸; homme juge teint moyen clair 
ğŸ‘¨ğŸ½â€âš–ï¸; homme juge carnation moyenne 
ğŸ¤¹â€â™‚ï¸; jonglage homme 
ğŸ¤¹ğŸ¿â€â™‚ï¸; homme jonglerie noir peau ton 
ğŸ¤¹ğŸ»â€â™‚ï¸; jonglage homme teint lumiÃ¨re 
ğŸ¤¹ğŸ¾â€â™‚ï¸; homme jonglage moyen foncÃ© teint 
ğŸ¤¹ğŸ¼â€â™‚ï¸; homme jonglage moyen lÃ©ger teint 
ğŸ¤¹ğŸ½â€â™‚ï¸; homme jongler carnation moyenne 
ğŸ‹ï¸â€â™‚ï¸; poids de levage de l'homme 
ğŸ‹ğŸ¿â€â™‚ï¸; poids de levage de teint foncÃ© homme 
ğŸ‹ğŸ»â€â™‚ï¸; poids de levage homme teint lumiÃ¨re 
ğŸ‹ğŸ¾â€â™‚ï¸; homme soulever des poids moyen foncÃ© teint 
ğŸ‹ğŸ¼â€â™‚ï¸; homme poids de levage moyen lÃ©ger teint 
ğŸ‹ğŸ½â€â™‚ï¸; poids de levage homme teint moyen 
ğŸ‘¨ğŸ»; homme teint lumiÃ¨re 
ğŸ§™â€â™‚ï¸; mage homme 
ğŸ§™ğŸ¿â€â™‚ï¸; homme mage teint foncÃ© 
ğŸ§™ğŸ»â€â™‚ï¸; homme mage teint clair 
ğŸ§™ğŸ¾â€â™‚ï¸; homme mage teint moyen foncÃ© 
ğŸ§™ğŸ¼â€â™‚ï¸; homme teint moyen-lumiÃ¨re mage 
ğŸ§™ğŸ½â€â™‚ï¸; ton mage peau moyenne homme 
ğŸ‘¨â€ğŸ”§; mÃ©canicien homme 
ğŸ‘¨ğŸ¿â€ğŸ”§; homme mÃ©canicien teint foncÃ© 
ğŸ‘¨ğŸ»â€ğŸ”§; homme ton mÃ©canicien peau claire 
ğŸ‘¨ğŸ¾â€ğŸ”§; homme mÃ©canicien ski moyen noir n ton 
ğŸ‘¨ğŸ¼â€ğŸ”§; homme mÃ©canicien moyen lÃ©ger teint 
ğŸ‘¨ğŸ½â€ğŸ”§; homme teint moyen mÃ©canique 
ğŸ‘¨ğŸ¾; homme moyen foncÃ© teint 
ğŸ‘¨ğŸ¼; homme moyen lÃ©ger teint 
ğŸ‘¨ğŸ½; ton homme peau moyenne 
ğŸšµâ€â™‚ï¸; VTT homme 
ğŸšµğŸ¿â€â™‚ï¸; homme montagne vÃ©lo teint foncÃ© 
ğŸšµğŸ»â€â™‚ï¸; VTT homme teint clair 
ğŸšµğŸ¾â€â™‚ï¸; teint moyen-lumiÃ¨re VTT homme 
ğŸšµğŸ¼â€â™‚ï¸; 
ğŸšµğŸ½â€â™‚ï¸; montagne homme vÃ©lo moyen foncÃ© teint le teint moyen VTT homme 
ğŸ‘¨â€ğŸ’¼; homme employÃ© de bureau 
ğŸ‘¨ğŸ¿â€ğŸ’¼; homme employÃ© de bureau noir peau ton 
ğŸ‘¨ğŸ»â€ğŸ’¼; homme employÃ© de bureau teint clair 
ğŸ‘¨ğŸ¾â€ğŸ’¼; homme employÃ© de bureau moyen foncÃ© teint 
ğŸ‘¨ğŸ¼â€ğŸ’¼; homme homme teint moyen-lumiÃ¨re travailleur 
ğŸ‘¨ğŸ½â€ğŸ’¼; homme teint moyen employÃ© de bureau 
ğŸ‘¨â€âœˆï¸; pilote homme 
ğŸ‘¨ğŸ¿â€âœˆï¸; homme pilote teint foncÃ© 
ğŸ‘¨ğŸ»â€âœˆï¸; homme pilote teint clair 
ğŸ‘¨ğŸ¾â€âœˆï¸; homme teint moyen foncÃ© pilote 
ğŸ‘¨ğŸ¼â€âœˆï¸; homme moyen veilleuse tonus de la peau 
ğŸ‘¨ğŸ½â€âœˆï¸; homme teint moyen pilote 
ğŸ¤¾â€â™‚ï¸; homme handball de jeu 
ğŸ¤¾ğŸ¿â€â™‚ï¸; homme jouant de handball teint foncÃ© 
ğŸ¤¾ğŸ»â€â™‚ï¸; homme jouant carnation handball lumiÃ¨re 
ğŸ¤¾ğŸ¾â€â™‚ï¸; homme jouant au handball teint moyen foncÃ© 
ğŸ¤¾ğŸ¼â€â™‚ï¸; homme teint moyen-lumiÃ¨re de handball de jeu 
ğŸ¤¾ğŸ½â€â™‚ï¸; homme jouant peau moyenne de handball ton 
ğŸ¤½â€â™‚ï¸; homme Ã  jouer au water-polo 
ğŸ¤½ğŸ¿â€â™‚ï¸; homme jouer water-polo teint foncÃ© 
ğŸ¤½ğŸ»â€â™‚ï¸; homme pl tirÃ©s les water-polo carnation lumiÃ¨re 
ğŸ¤½ğŸ¾â€â™‚ï¸; homme jouer water-polo moyen foncÃ© teint 
ğŸ¤½ğŸ¼â€â™‚ï¸; homme jouant au water-polo moyen lÃ©ger teint 
ğŸ¤½ğŸ½â€â™‚ï¸; homme jouant water-polo carnation moyenne 
ğŸ‘®â€â™‚ï¸; homme policier 
ğŸ‘®ğŸ¿â€â™‚ï¸; homme policier teint foncÃ© 
ğŸ‘®ğŸ»â€â™‚ï¸; homme lumiÃ¨re policier peau ton 
ğŸ‘®ğŸ¾â€â™‚ï¸; homme peau moyenne foncÃ© policier ton 
ğŸ‘®ğŸ¼â€â™‚ï¸; homme teint moyen-lÃ©ger policier 
ğŸ‘®ğŸ½â€â™‚ï¸; homme teint moyen policier 
ğŸ™â€â™‚ï¸; homme moue 
ğŸ™ğŸ¿â€â™‚ï¸; homme moue teint foncÃ© 
ğŸ™ğŸ»â€â™‚ï¸; homme moue teint clair 
ğŸ™ğŸ¾â€â™‚ï¸; homme moue teint moyen foncÃ© 
ğŸ™ğŸ¼â€â™‚ï¸; homme moue carnation moyenne lumiÃ¨re 
ğŸ™ğŸ½â€â™‚ï¸; homme teint moyen boudeuse 
ğŸ™‹â€â™‚ï¸; homme levant la main 
ğŸ™‹ğŸ¿â€â™‚ï¸; homme Ã©lever le teint main noir 
ğŸ™‹ğŸ»â€â™‚ï¸; homme levant la main teint lumiÃ¨re 
ğŸ™‹ğŸ¾â€â™‚ï¸; homme Ã©lever le teint moyen foncÃ© main 
ğŸ™‹ğŸ¼â€â™‚ï¸; homme Ã©lever le teint moyen lumiÃ¨re main 
ğŸ™‹ğŸ½â€â™‚ï¸; homme lever la main teint moyen 
ğŸš£â€â™‚ï¸; homme bateau avec rames 
ğŸš£ğŸ¿â€â™‚ï¸; homme peau barque noir ton 
ğŸš£ğŸ»â€â™‚ï¸; homme bateau avec rames carnation lumiÃ¨re 
ğŸš£ğŸ¾â€â™‚ï¸; homme peau moyenne noir bateau avec rames ton 
ğŸš£ğŸ¼â€â™‚ï¸; homme peau moyen lÃ©ger bateau Ã  rames ton 
ğŸš£ğŸ½â€â™‚ï¸; homme peau moyen bateau avec rames ton 
ğŸƒâ€â™‚ï¸; course homme 
ğŸƒğŸ¿â€â™‚ï¸; homme qui court teint foncÃ© 
ğŸƒğŸ»â€â™‚ï¸; homme courir le teint clair 
ğŸƒğŸ¾â€â™‚ï¸; homme courir m oyen foncÃ© teint 
ğŸƒğŸ¼â€â™‚ï¸; homme qui court Ã  moyen lÃ©ger teint 
ğŸƒğŸ½â€â™‚ï¸; homme qui court teint moyen 
ğŸ‘¨â€ğŸ”¬; scientifique homme 
ğŸ‘¨ğŸ¿â€ğŸ”¬; homme scientifique teint foncÃ© 
ğŸ‘¨ğŸ»â€ğŸ”¬; scientifique homme teint clair 
ğŸ‘¨ğŸ¾â€ğŸ”¬; homme teint moyen foncÃ© scientifique 
ğŸ‘¨ğŸ¼â€ğŸ”¬; homme teint moyen-lumiÃ¨re scientifique 
ğŸ‘¨ğŸ½â€ğŸ”¬; homme teint moyen scientifique 
ğŸ¤·â€â™‚ï¸; homme en haussant les Ã©paules 
ğŸ¤·ğŸ¿â€â™‚ï¸; homme en haussant les Ã©paules teint foncÃ© 
ğŸ¤·ğŸ»â€â™‚ï¸; homme en haussant les Ã©paules teint clair 
ğŸ¤·ğŸ¾â€â™‚ï¸; homme en haussant les Ã©paules teint moyen foncÃ© 
ğŸ¤·ğŸ¼â€â™‚ï¸; homme en haussant les Ã©paules teint moyenne lumiÃ¨re 
ğŸ¤·ğŸ½â€â™‚ï¸; homme en haussant les Ã©paules teint moyen 
ğŸ‘¨â€ğŸ¤; chanteur homme 
ğŸ‘¨ğŸ¿â€ğŸ¤; homme chanteur noir carnation 
ğŸ‘¨ğŸ»â€ğŸ¤; homme chanteur teint clair 
ğŸ‘¨ğŸ¾â€ğŸ¤; homme chanteur moyen foncÃ© carnation 
ğŸ‘¨ğŸ¼â€ğŸ¤; homme chanteur moyen lÃ©ger teint 
ğŸ‘¨ğŸ½â€ğŸ¤; homme chanteur teint moyen 
ğŸ‘¨â€ğŸ“; Ã©tudiant homme 
ğŸ‘¨ğŸ¿â€ğŸ“; ton Ã©tudiant peau sombre homme 
ğŸ‘¨ğŸ»â€ğŸ“; Ã©tudiant homme teint clair 
ğŸ‘¨ğŸ¾â€ğŸ“; moyen Ã©tudiant homme teint foncÃ© 
ğŸ‘¨ğŸ¼â€ğŸ“; homme teint moyen-lÃ©ger Ã©tudiant 
ğŸ‘¨ğŸ½â€ğŸ“; homme teint moyen Ã©tudiant 
ğŸ„â€â™‚ï¸; surf homme 
ğŸ„ğŸ¿â€â™‚ï¸; homme surf teint foncÃ© 
ğŸ„ğŸ»â€â™‚ï¸; homme surf teint clair 
ğŸ„ğŸ¾â€â™‚ï¸; homme teint moyen foncÃ© surfing 
ğŸ„ğŸ¼â€â™‚ï¸; homme teint moyen-lumiÃ¨re surf 
ğŸ„ğŸ½â€â™‚ï¸; homme le teint moyen de surf 
ğŸŠâ€â™‚ï¸; natation homme 
ğŸŠğŸ¿â€â™‚ï¸; homme nage teint foncÃ© 
ğŸŠğŸ»â€â™‚ï¸; homme natation teint clair 
ğŸŠğŸ¾â€â™‚ï¸; ma n nage moyen foncÃ© teint 
ğŸŠğŸ¼â€â™‚ï¸; homme nage moyen lÃ©ger teint 
ğŸŠğŸ½â€â™‚ï¸; homme nage moyen peau ton 
ğŸ‘¨â€ğŸ«; professeur de l'homme 
ğŸ‘¨ğŸ¿â€ğŸ«; ton professeur de peau sombre homme 
ğŸ‘¨ğŸ»â€ğŸ«; professeur homme teint clair 
ğŸ‘¨ğŸ¾â€ğŸ«; homme teint moyen foncÃ© professeur 
ğŸ‘¨ğŸ¼â€ğŸ«; homme moyen lumiÃ¨re des enseignants peau ton 
ğŸ‘¨ğŸ½â€ğŸ«; homme teint moyen des enseignants 
ğŸ‘¨â€ğŸ’»; technologue homme 
ğŸ‘¨ğŸ¿â€ğŸ’»; homme technologue teint foncÃ© 
ğŸ‘¨ğŸ»â€ğŸ’»; homme technologue teint clair 
ğŸ‘¨ğŸ¾â€ğŸ’»; homme teint moyen foncÃ© technologue 
ğŸ‘¨ğŸ¼â€ğŸ’»; homme teint moyen-lumiÃ¨re technologue 
ğŸ‘¨ğŸ½â€ğŸ’»; homme teint moyen technologue 
ğŸ’â€â™‚ï¸; homme basculement main 
ğŸ’ğŸ¿â€â™‚ï¸; homme basculement main teint foncÃ© 
ğŸ’ğŸ»â€â™‚ï¸; homme basculement main teint clair 
ğŸ’ğŸ¾â€â™‚ï¸; homme basculement main moyenne noir teint 
ğŸ’ğŸ¼â€â™‚ï¸; homme basculer le teint moyen lumiÃ¨re main 
ğŸ’ğŸ½â€â™‚ï¸; homme bascule carnation moyenne main 
ğŸ§›â€â™‚ï¸; vampire homme 
ğŸ§›ğŸ¿â€â™‚ï¸; homme teint vampire noir 
ğŸ§›ğŸ»â€â™‚ï¸; vampire homme teint clair 
ğŸ§›ğŸ¾â€â™‚ï¸; moyen foncÃ© teint vampire homme 
ğŸ§›ğŸ¼â€â™‚ï¸; homme teint moyen-lumiÃ¨re vampire 
ğŸ§›ğŸ½â€â™‚ï¸; homme teint moyen vampire 
ğŸš¶â€â™‚ï¸; marche homme 
ğŸš¶ğŸ¿â€â™‚ï¸; homme marche noir peau ton 
ğŸš¶ğŸ»â€â™‚ï¸; homme marchant le teint clair 
ğŸš¶ğŸ¾â€â™‚ï¸; homme marche le teint moyen foncÃ© 
ğŸš¶ğŸ¼â€â™‚ï¸; homme moyenne lumiÃ¨re marche carnation 
ğŸš¶ğŸ½â€â™‚ï¸; homme teint moyen de marche 
ğŸ‘³â€â™‚ï¸; homme portant turb un 
ğŸ‘³ğŸ¿â€â™‚ï¸; homme portant un turban teint foncÃ© 
ğŸ‘³ğŸ»â€â™‚ï¸; homme portant un turban teint clair 
ğŸ‘³ğŸ¾â€â™‚ï¸; homme portant le teint moyen foncÃ© turban 
ğŸ‘³ğŸ¼â€â™‚ï¸; homme portant le teint moyen lÃ©ger turban 
ğŸ‘³ğŸ½â€â™‚ï¸; homme portant le teint moyen turban 
ğŸ‘¨â€ğŸ¦¯; homme de sondage canne 
ğŸ‘²; homme gua pi mao 
ğŸ‘²ğŸ¿; homme teint foncÃ© chapeau chinois 
ğŸ‘²ğŸ»; homme teint lumiÃ¨re chapeau chinois 
ğŸ‘²ğŸ¾; homme teint moyen chapeau foncÃ© chinois 
ğŸ‘²ğŸ¼; homme avec le teint moyen-lÃ©ger bouchon chinois 
ğŸ‘²ğŸ½; homme avec le teint moyen de bouchon chinois 
ğŸ§Ÿâ€â™‚ï¸; zombie homme 
ğŸ¥­; mangue 
ğŸ•°; horloge cheminÃ©e 
ğŸ¦½; fauteuil roulant manuel 
ğŸ‘; chaussures 
ğŸ—¾; japon 
ğŸ; feuille d'Ã©rable 
ğŸ¥‹; uniforme d'arts martiaux 
ğŸ§‰; matÃ© 
ğŸ–; viande sur l'os 
ğŸ¦¾; bras mÃ©canique 
ğŸ¦¿; jambe mÃ©canique 
âš•; symbole mÃ©dical 
ğŸ“£; mega 
ğŸˆ; melon 
ğŸ“; crayon 
ğŸ‘¯â€â™‚ï¸; hommes avec des oreilles de lapin 
ğŸ¤¼â€â™‚ï¸; hommes luttant 
ğŸ•; menorah avec neuf branches 
ğŸš¹; hommes 
ğŸ§œâ€â™€ï¸; sirÃ¨ne 
ğŸ§œğŸ¿â€â™€ï¸; sirÃ¨ne teint foncÃ© 
ğŸ§œğŸ»â€â™€ï¸; sirÃ¨ne teint lumiÃ¨re 
ğŸ§œğŸ¾â€â™€ï¸; sirÃ¨ne teint moyen foncÃ© 
ğŸ§œğŸ¼â€â™€ï¸; sirÃ¨ne carnation moyenne lumiÃ¨re 
ğŸ§œğŸ½â€â™€ï¸; sirÃ¨ne moyenne carnation 
ğŸ§œâ€â™‚ï¸; triton 
ğŸ§œğŸ¿â€â™‚ï¸; triton teint foncÃ© 
ğŸ§œğŸ»â€â™‚ï¸; triton teint clair 
ğŸ§œğŸ¾â€â™‚ï¸; triton moyen teint foncÃ© 
ğŸ§œğŸ¼â€â™‚ï¸; teint moyen-lumiÃ¨re triton 
ğŸ§œğŸ½â€â™‚ï¸; triton carnation moyenne 
ğŸ§œ; merperson 
ğŸ§œğŸ¿; merperson teint foncÃ© 
ğŸ§œğŸ»; lumiÃ¨re merperson tonus de la peau 
ğŸ§œğŸ¾; peau merperson moyenne noir ton 
ğŸ§œğŸ¼; peau moyenne lumiÃ¨re merperson ton 
ğŸ§œğŸ½; peau moyenne merperson ton 
ğŸš‡; mÃ©tro 
ğŸ¦ ; microbe 
ğŸ¤; micro 
ğŸ”¬; microscope 
ğŸ–•; main inversÃ©e avec doigt du milieu Ã©tendu 
ğŸ–•ğŸ¿; doigt du milieu teint foncÃ© 
ğŸ–•ğŸ»; mÃ©dius teint clair 
ğŸ–•ğŸ¾; milieu peau mÃ©dius foncÃ© ton 
ğŸ–•ğŸ¼; teint moyen-lumiÃ¨re mÃ©dius 
ğŸ–•ğŸ½; teint moyen mÃ©dius 
ğŸ–; mÃ©daille militaire 
ğŸŒŒ; voie lactÃ©e 
ğŸš; minibus 
ğŸ—¿; Moyai 
ğŸ“±; iPhone 
ğŸ“´; tÃ©lÃ©phone mobile off 
ğŸ“²; appeler 
ğŸ¤‘; bouche argent visage 
ğŸ’°; moneybag 
ğŸ’¸; argent avec des ailes 
ğŸ’; singe 
ğŸµ; visage de singe 
ğŸš; monorail 
ğŸ¥®; gÃ¢teau de lune 
ğŸ‘; scÃ¨ne riz 
ğŸ•Œ; mosquÃ©e 
ğŸ¦Ÿ; moustiques 
ğŸ›¥; bateau Ã  moteur 
ğŸ›µ; scooter 
ğŸ; moto de course 
ğŸ¦¼; fauteuil roulant motorisÃ© 
ğŸ›£; autoroute 
ğŸ—»; monter fuji 
â›°; montagne 
ğŸš ; tÃ©lÃ©phÃ©rique de montagne 
ğŸš; chemin de fer de montagne 
ğŸ­; visage de la souris 
ğŸ‘„; lÃ¨vres 
ğŸ¥; camÃ©ra 
ğŸ„; champignons 
ğŸ¹; clavier musical 
ğŸµ; note musicale 
ğŸ¶; notes 
ğŸ¼; partition musicale 
ğŸ”‡; mute 
ğŸ’…; soin des ongles 
ğŸ’…ğŸ¿; vernis Ã  ongles teint foncÃ© 
ğŸ’…ğŸ»; vernis Ã  ongles teint clair 
ğŸ’…ğŸ¾; vernis Ã  ongles teint moyen foncÃ© 
ğŸ’…ğŸ¼; vernis Ã  ongles teint moyenne lumiÃ¨re 
ğŸ’…ğŸ½; vernis Ã  ongles teint moyen 
ğŸ“›; badge 
ğŸ; parc national 
ğŸ¤¢; visage Ã©cÅ“urÃ© 
ğŸ§¿; amulette Nazar 
ğŸ‘”; cravate 
ğŸ¤“; visage nerd 
ğŸ˜; visage neutre 
ğŸŒ‘; nouvelle lune 
ğŸŒš; Nouvelle lune avec le visage 
ğŸ“°; journal 
â­; droit noir pointant Ã  double triangle avec barre verticale 
ğŸŒƒ; nuit avec Ã©toiles 
ğŸ•¤; clock930 
ğŸ•˜; clock9 
ğŸš³; pas de vÃ©los 
â›”; pas d'entrÃ©e 
ğŸš¯; ne pas jeter 
ğŸ“µ; pas de tÃ©lÃ©phones portables 
ğŸ”; Ã¢ge mineur 
ğŸš·; aucun piÃ©ton 
ğŸš­; non-fumeur 
ğŸš±; eau non potable 
ğŸ‘ƒ; nez 
ğŸ‘ƒğŸ¿; nez teint foncÃ© 
ğŸ‘ƒğŸ»; nez teint clair 
ğŸ‘ƒğŸ¾; peau moyenne noir ton nez 
ğŸ‘ƒğŸ¼; peau moyenne lumiÃ¨re ton nez 
ğŸ‘ƒğŸ½; teint moyen nez 
ğŸ““; ordinateur portable 
ğŸ“”; ordinateur portable avec couvercle dÃ©coratif 
ğŸ”©; Ã©crous et de boulons 
ğŸ™; poulpe 
ğŸ¢; Oden 
ğŸ¢; bureau 
ğŸ‘¹; japonais ogre 
ğŸ›¢; tambour d'huile 
ğŸ—; ancienne clÃ© 
ğŸ‘´; vieil homme 
ğŸ‘´ğŸ¿; vieil homme teint foncÃ© 
ğŸ‘´ğŸ»; vieil homme teint clair 
ğŸ‘´ğŸ¾; vieux teint moyen foncÃ© homme 
ğŸ‘´ğŸ¼; vieux teint moyen-lumiÃ¨re homme 
ğŸ‘´ğŸ½; vieux teint moyen homme 
ğŸ‘µ; femme Ã¢gÃ©e 
ğŸ‘µğŸ¿; vieille femme teint foncÃ© 
ğŸ‘µğŸ»; vieille femme teint clair 
ğŸ‘µğŸ¾; vieille femme teint moyen foncÃ©
ğŸ‘µğŸ¼;vieille femme teint moyenne lumiÃ¨re 
ğŸ‘µğŸ½; vieille femme carnation moyenne 
ğŸ§“; plus adulte 
ğŸ§“ğŸ¿; plus adulte teint foncÃ© 
ğŸ§“ğŸ»; teint lumiÃ¨re plus adulte 
ğŸ§“ğŸ¾; plus peau moyenne noir adulte ton 
ğŸ§“ğŸ¼; plus la peau moyenne lumiÃ¨re adulte ton 
ğŸ§“ğŸ½; plus le teint moyen adulte 
ğŸ•‰; symbole de l'om 
ğŸš˜; automobile venant en sens inverse 
ğŸš; bus venant en sens inverse 
ğŸ‘Š; coup de poing 
ğŸ‘ŠğŸ¿; poing venant en sens inverse le teint foncÃ© 
ğŸ‘ŠğŸ»; venant en sens inverse le teint poing lumiÃ¨re 
ğŸ‘ŠğŸ¾; peau poing venant en sens inverse moyenne noir ton 
ğŸ‘ŠğŸ¼; teint moyen-lumiÃ¨re poing venant en sens inverse 
ğŸ‘ŠğŸ½; teint moyen de poing venant en sens inverse 
ğŸš”; venant en sens inverse voiture de police 
ğŸš–; un taxi venant en sens inverse 
ğŸ©±; maillot de bain une piÃ¨ce 
ğŸ•œ; clock130 
ğŸ•; clock1 
ğŸ§…; oignon 
ğŸ“–; livre 
ğŸ“‚; dossier ouvert 
ğŸ‘; mains ouvertes 
ğŸ‘ğŸ¿; mains ouvertes le teint foncÃ© 
ğŸ‘ğŸ»; mains ouvertes le teint clair 
ğŸ‘ğŸ¾; teint mains ouvertes moyen foncÃ© 
ğŸ‘ğŸ¼; teint moyen lumiÃ¨re mains ouvertes 
ğŸ‘ğŸ½; mains ouvertes carnation moyenne 
ğŸ“­; boÃ®te aux lettres sans mail 
ğŸ“¬; boÃ®te aux lettres mail 
ğŸ’¿; cd 
ğŸ“™; livre orange 
ğŸŸ ; cercle orange 
ğŸ§¡; orange coeur 
ğŸŸ§; carrÃ© orange 
ğŸ¦§; orang-outan 
â˜¦; croix orthodoxe 
ğŸ¦¦; loutre 
ğŸ“¤; plateau Outbox 
ğŸ¦‰; hibou 
ğŸ‚; boeuf 
ğŸ¦ª; huÃ®tre 
ğŸ“¦; ensemble 
ğŸ“„; Parement page up 
ğŸ“ƒ; avec boucle 
ğŸ“Ÿ; tÃ©lÃ©avertisseur 
ğŸ–Œ; lower paintbrush 
ğŸŒ´; palmier 
ğŸ¤²; paumes vers le haut ensemble 
ğŸ¤²ğŸ¿; paumes vers le haut de teint foncÃ© ensemble 
ğŸ¤²ğŸ»; paumes vers le haut de la peau ainsi que la lumiÃ¨re ton 
ğŸ¤²ğŸ¾; paumes vers le haut ainsi que le teint moyen foncÃ© 
ğŸ¤²ğŸ¼; paumes vers le haut le teint ensemble moyen lumiÃ¨re 
ğŸ¤²ğŸ½; paumes vers le haut ensemble moyen de teint 
ğŸ¥; crÃªpes 
ğŸ¼; visage panda 
ğŸ“; paperclip 
ğŸ¦œ; perroquet 
ã€½; marque une partie de l'alternance 
ğŸ‰; Tada 
ğŸ¥³; visage fÃªte 
ğŸ›³; navire Ã  passagers 
ğŸ›‚; contrÃ´le des passeports 
â¸; double barre verticale 
ğŸ¾; pieds 
â˜®; symbole de paix 
ğŸ‘; pÃªche 
ğŸ¦š; paon 
ğŸ¥œ; arachides 
ğŸ; poire 
ğŸ–Š; lower stylo Ã  bille gauche 
ğŸ§; pingouin 
ğŸ˜”; pensifs 
ğŸ§‘â€ğŸ¤â€ğŸ§‘; gens se tenant la main 
ğŸ‘¯; danseurs 
ğŸ¤¼; gens luttant 
ğŸ­; arts de la scÃ¨ne 
ğŸ˜£; persÃ©vÃ¨rent 
ğŸš´; cycliste 
ğŸš´ğŸ¿; personne vÃ©lo carnation sombre 
ğŸš´ğŸ»; personne vÃ©lo carnation lumiÃ¨re 
ğŸš´ğŸ¾; personne vÃ©lo carnation moyenne noir 
ğŸš´ğŸ¼; personne vÃ©lo carnation moyenne lumiÃ¨re 
ğŸš´ğŸ½; personne vÃ©lo carnation moyenne 
â›¹; personne balle 
â›¹ğŸ¿; personne rebondissant carnation ball noir 
â›¹ğŸ»; personne balle rebondissante lumiÃ¨re carnation 
â›¹ğŸ¾; personne rebondir Ã  moyen balle teint foncÃ© 
â›¹ğŸ¼; personne rebondissant carnation moyenne lumiÃ¨re balle 
â›¹ğŸ½; personne balle rebondissante moyen carnation 
ğŸ™‡; arc 
ğŸ™‡ğŸ¿; personne inclinant le teint foncÃ© 
ğŸ™‡ğŸ»; personne saluant le ton de la peau claire 
ğŸ™‡ğŸ¾; personne saluant le teint moyen foncÃ© 
ğŸ™‡ğŸ¼; personne saluant le teint moyen de lumiÃ¨re 
ğŸ™‡ğŸ½; personne saluant le teint moyen 
ğŸ¤¸; personne se renversant 
ğŸ¤¸ğŸ¿; personne cartwhee Ling teint foncÃ© 
ğŸ¤¸ğŸ»; personne se renversant sur le ton de la peau claire 
ğŸ¤¸ğŸ¾; personne se renversant sur le teint moyen foncÃ© 
ğŸ¤¸ğŸ¼; personne se renversant sur le teint moyen de lumiÃ¨re 
ğŸ¤¸ğŸ½; personne se renversant sur le ton de la peau moyenne 
ğŸ§—; personne qui monte 
ğŸ§—ğŸ¿; personne teint foncÃ© escalade 
ğŸ§—ğŸ»; personne escalade carnation lumiÃ¨re 
ğŸ§—ğŸ¾; personne qui monte moyen foncÃ© teint 
ğŸ§—ğŸ¼; personne teint moyen-lumiÃ¨re escalade 
ğŸ§—ğŸ½; personne carnation moyenne d'escalade 
ğŸ¤¦; personne facepalming 
ğŸ¤¦ğŸ¿; personne facepalming teint foncÃ© 
ğŸ¤¦ğŸ»; personne facepalming teint clair 
ğŸ¤¦ğŸ¾; peau personne moyenne foncÃ© facepalming ton 
ğŸ¤¦ğŸ¼; personne facepalming teint moyen lumiÃ¨re 
ğŸ¤¦ğŸ½; personne facepalming carnation moyenne 
ğŸ¤º; personne clÃ´ture 
ğŸ™; personne fronÃ§ant les sourcils 
ğŸ™ğŸ¿; personne fronÃ§ant les sourcils teint foncÃ© 
ğŸ™ğŸ»; personne fronÃ§ant les sourcils teint clair 
ğŸ™ğŸ¾; peau personne moyenne noir fronÃ§ant les sourcils ton 
ğŸ™ğŸ¼; personne fronÃ§ant les sourcils teint moyen lumiÃ¨re 
ğŸ™ğŸ½; personne fronÃ§ant les sourcils teint moyen 
ğŸ™…; pas bon 
ğŸ™…ğŸ¿; personne faisant un geste NO teint foncÃ© 
ğŸ™…ğŸ»; personne faisant un geste NO teint clair 
ğŸ™…ğŸ¾; personne faisant un geste NO teint moyen foncÃ© 
ğŸ™…ğŸ¼; personne faisant un geste NO teint moyen lumiÃ¨re 
ğŸ™…ğŸ½; personne faisant signe teint NO moyen 
ğŸ™†; femme ok 
ğŸ™†ğŸ¿; personne gestu anneau OK teint foncÃ© 
ğŸ™†ğŸ»; personne faisant un geste OK teint clair 
ğŸ™†ğŸ¾; personne faisant un geste teint moyen foncÃ© OK 
ğŸ™†ğŸ¼; personne gesticulant carnation moyenne lumiÃ¨re OK 
ğŸ™†ğŸ½; personne faisant signe OK carnation moyenne 
ğŸ’‡; coupe de cheveux 
ğŸ’‡ğŸ¿; personne obtenir le teint coupe de cheveux noir 
ğŸ’‡ğŸ»; personne se coupe de cheveux teint clair 
ğŸ’‡ğŸ¾; personne obtenir le teint coupe de cheveux mi-noire 
ğŸ’‡ğŸ¼; personne obtenir le teint moyen lÃ©ger coupe de cheveux 
ğŸ’‡ğŸ½; personne qui reÃ§oit le teint moyen de coupe 
ğŸ’†; massage 
ğŸ’†ğŸ¿; personne obtenir le teint foncÃ© de massage 
ğŸ’†ğŸ»; personne obtenir le teint lÃ©ger massage 
ğŸ’†ğŸ¾; personne obtenir moyen de massage teint foncÃ© 
ğŸ’†ğŸ¼; personne obtenir le teint moyen-lÃ©ger massage 
ğŸ’†ğŸ½; personne qui reÃ§oit le teint moyen de massage 
ğŸŒ; golfeur 
ğŸŒğŸ¿; personne jouer au golf carnation sombre 
ğŸŒğŸ»; personne jouer au golf carnation lumiÃ¨re 
ğŸŒğŸ¾; personne teint moyen foncÃ© golf 
ğŸŒğŸ¼; personne carnation moyenne lumiÃ¨re golf 
ğŸŒğŸ½; personne carnation moyenne de golf 
ğŸ›Œ; couchage 
ğŸ›ŒğŸ¿; personne carnation lit noir 
ğŸ›ŒğŸ»; personne lit le teint clair 
ğŸ›ŒğŸ¾; personne teint lit moyen foncÃ© 
ğŸ›ŒğŸ¼; personne dans la peau moyenne lumiÃ¨re ton lit 
ğŸ›ŒğŸ½; personne dans le ton de la peau moyenne de lit 
ğŸ§˜; personne position du lotus 
ğŸ§˜ğŸ¿; p ersonne en position de lotus teint foncÃ© 
ğŸ§˜ğŸ»; personne dans le ton de la peau claire de la position du lotus 
ğŸ§˜ğŸ¾; personne teint moyen foncÃ© position de lotus 
ğŸ§˜ğŸ¼; personne dans le ton de la peau moyenne lumiÃ¨re position du lotus 
ğŸ§˜ğŸ½; personne dans le ton de la peau moyenne de position de lotus 
ğŸ§–; personne en chambre chaude et humide 
ğŸ§–ğŸ¿; personne dans la chambre chaude et humide teint foncÃ© 
ğŸ§–ğŸ»; personne dans la chambre chaude et humide teint clair 
ğŸ§–ğŸ¾; personne dans la peau piÃ¨ce embuÃ©e moyen foncÃ© ton 
ğŸ§–ğŸ¼; personne dans le ton de la peau moyenne lumiÃ¨re piÃ¨ce embuÃ©e 
ğŸ§–ğŸ½; personne dans le ton de la peau moyenne de piÃ¨ce embuÃ©e 
ğŸ¤¹; personne jonglage 
ğŸ¤¹ğŸ¿; peau personne noire jonglerie ton 
ğŸ¤¹ğŸ»; personne jonglerie carnation lumiÃ¨re 
ğŸ¤¹ğŸ¾; personne teint moyen foncÃ© jonglerie 
ğŸ¤¹ğŸ¼; personne teint moyen-lumiÃ¨re jongler 
ğŸ¤¹ğŸ½; personne carnation moyenne jonglerie 
ğŸ§; personne agenouillÃ©e 
ğŸ‹; haltÃ©rophile 
ğŸ‹ğŸ¿; personne poids de levage tonus de la peau sombre 
ğŸ‹ğŸ»; personne poids de levage carnation lumiÃ¨re 
ğŸ‹ğŸ¾; personne poids de levage moyen foncÃ© teint 
ğŸ‹ğŸ¼; personne teint moyen-lÃ©ger poids de levage 
ğŸ‹ğŸ½; personne poids de levage moyen carnation 
ğŸšµ; montagne cycliste 
ğŸšµğŸ¿; personne VTT teint foncÃ© 
ğŸšµğŸ»; montagne personne vÃ©lo carnation lumiÃ¨re 
ğŸšµğŸ¾; personne vÃ©lo de montagne moyen foncÃ© tonus de la peau 
ğŸšµğŸ¼; personne teint moyen-lumiÃ¨re VTT 
ğŸšµğŸ½; personne carnation moyenne VTT 
ğŸ¤¾; personne handball de jeu 
ğŸ¤¾ğŸ¿; personne carnation jouant au handball foncÃ© 
ğŸ¤¾ğŸ»; personne qui joue au handball teint clair 
ğŸ¤¾ğŸ¾; personne qui joue au handball teint moyen foncÃ© 
ğŸ¤¾ğŸ¼; personne jouant moyen de handball tonus de la peau -light 
ğŸ¤¾ğŸ½; personne qui joue le teint moyen de handball 
ğŸ¤½; personne jouer au water-polo 
ğŸ¤½ğŸ¿; personne qui joue le water-polo carnation foncÃ©e 
ğŸ¤½ğŸ»; personne qui joue le water-polo carnation lumiÃ¨re 
ğŸ¤½ğŸ¾; personne qui joue l'eau ton polo peau moyenne foncÃ© 
ğŸ¤½ğŸ¼; personne qui joue au water-polo moyen-lÃ©ger peau ton 
ğŸ¤½ğŸ½; personne qui joue l'eau carnation polo moyenne 
ğŸ™; personne faisant la moue visage 
ğŸ™ğŸ¿; personne faisant la moue carnation foncÃ©e 
ğŸ™ğŸ»; personne faisant la moue carnation lumiÃ¨re 
ğŸ™ğŸ¾; personne faisant la moue carnation moyenne noir 
ğŸ™ğŸ¼; personne teint moyen-lumiÃ¨re moue 
ğŸ™ğŸ½; personne carnation moyenne moue 
ğŸ™‹; levant la main 
ğŸ™‹ğŸ¿; personne qui Ã©lÃ¨ve le teint main noir 
ğŸ™‹ğŸ»; personne levant la main teint lumiÃ¨re 
ğŸ™‹ğŸ¾; personne qui Ã©lÃ¨ve le teint moyen foncÃ© main 
ğŸ™‹ğŸ¼; personne qui Ã©lÃ¨ve le teint moyen lumiÃ¨re main 
ğŸ™‹ğŸ½; personne qui Ã©lÃ¨ve le teint moyen de la main 
ğŸš£; rowboat 
ğŸš£ğŸ¿; personne rowi ng teint bateau noir 
ğŸš£ğŸ»; personne bateau avec rames ton de peau claire 
ğŸš£ğŸ¾; peau personne bateau Ã  rames moyen noir ton 
ğŸš£ğŸ¼; peau personne moyenne lumiÃ¨re bateau avec rames ton 
ğŸš£ğŸ½; personne aviron carnation moyenne bateau 
ğŸƒ; course 
ğŸƒğŸ¿; personne courir le teint foncÃ© 
ğŸƒğŸ»; personne courir peau claire ton 
ğŸƒğŸ¾; personne en cours d'exÃ©cution moyen foncÃ© carnation 
ğŸƒğŸ¼; personne courir le teint moyen de lumiÃ¨re 
ğŸƒğŸ½; personne qui exÃ©cute le teint moyen 
ğŸ¤·; personne haussant les Ã©paules 
ğŸ¤·ğŸ¿; personne haussant les Ã©paules teint foncÃ© 
ğŸ¤·ğŸ»; personne haussant les Ã©paules teint clair 
ğŸ¤·ğŸ¾; personne haussant les Ã©paules teint moyen foncÃ© 
ğŸ¤·ğŸ¼; personne moyenne haussant les Ã©paules carnation -light 
ğŸ¤·ğŸ½; personne haussant les Ã©paules carnation moyenne 
ğŸ§; personne debout 
ğŸ„; surfeur 
ğŸ„ğŸ¿; personne surfing teint foncÃ© 
ğŸ„ğŸ»; personne surfant sur le ton de la peau claire 
ğŸ„ğŸ¾; personne teint moyen foncÃ© surf 
ğŸ„ğŸ¼; personne carnation moyenne lumiÃ¨re surf 
ğŸ„ğŸ½; personne carnation moyenne de surf 
ğŸŠ; nageur 
ğŸŠğŸ¿; personne natation teint foncÃ© 
ğŸŠğŸ»; personne natation teint clair 
ğŸŠğŸ¾; personne teint moyen foncÃ© natation 
ğŸŠğŸ¼; personne teint moyen-lumiÃ¨re nage 
ğŸŠğŸ½; personne carnation moyenne de natation 
ğŸ›€; bain 
ğŸ›€ğŸ¿; personne qui prend le teint bain noir 
ğŸ›€ğŸ»; personne qui prend un bain peau claire ton 
ğŸ›€ğŸ¾; personne en prenant la peau moyenne foncÃ© bain ton 
ğŸ›€ğŸ¼; personne qui prend le ton de la peau moyenne lumiÃ¨re bain 
ğŸ›€ğŸ½; personne qui prend un bain moyen teint 
ğŸ’; Bureau d'information personne 
ğŸ’ğŸ¿; personne main basculeur teint foncÃ© 
ğŸ’ğŸ»; personne main basculeur carnation lumiÃ¨re 
ğŸ’ğŸ¾; personne basculement main teint moyen foncÃ© 
ğŸ’ğŸ¼; personne basculement carnation moyenne lumiÃ¨re main 
ğŸ’ğŸ½; personne bascule carnation moyenne main 
ğŸš¶; marche 
ğŸš¶ğŸ¿; personne marche carnation sombre 
ğŸš¶ğŸ»; personne qui marche carnation lumiÃ¨re 
ğŸš¶ğŸ¾; personne teint moyen foncÃ© marche 
ğŸš¶ğŸ¼; personne marche carnation moyenne lumiÃ¨re 
ğŸš¶ğŸ½; personne moyenne de marche carnation 
ğŸ‘³; homme avec turban 
ğŸ‘³ğŸ¿; personne portant le teint turban noir 
ğŸ‘³ğŸ»; personne portant un turban teint clair 
ğŸ‘³ğŸ¾; personne portant le teint moyen foncÃ© turban 
ğŸ‘³ğŸ¼; personne portant le teint moyen clair turban 
ğŸ‘³ğŸ½; personne portant le teint moyen turban 
ğŸ§«; plat petri 
â›; choisir 
ğŸ¥§; tarte 
ğŸ·; visage de porc 
ğŸ½; nez de cochon 
ğŸ’©; merde 
ğŸ’Š; pilule 
ğŸ¤; pinÃ§ant main 
ğŸ; bambou 
ğŸ; ananas 
ğŸ“; table de paddle-tennis et balle 
ğŸ´â€â˜ ï¸; drapeau de pirate 
ğŸ”«; gun 
ğŸ•; Pizza 
ğŸ›; lieu de culte 
â–¶; flÃ¨che avant 
â¯; triangle pointant vers la droite en noir avec double barre verticale 
ğŸ¥º; plaidoirie visage 
ğŸš“; voiture de police 
ğŸš¨; gyrophare 
ğŸ‘®; cop 
ğŸ‘®ğŸ¿; agent de police sombre carnation 
ğŸ‘®ğŸ»; policier teint clair 
ğŸ‘®ğŸ¾; peau moyenne noir policier ton 
ğŸ‘®ğŸ¼; peau moyenne lumiÃ¨re policier ton 
ğŸ‘®ğŸ½; policier moyen carnation 
ğŸ©; poodle 
ğŸ±; 8ball 
ğŸ¿; pop-corn 
ğŸ“¯; corne postal 
ğŸ“®; Postbox 
ğŸ²; ragoÃ»t 
ğŸš°; eau potable 
ğŸ¥”; pommes de terre 
ğŸ—; cuisse de volaille 
ğŸ’·; livre 
ğŸ˜¾; moue chat 
ğŸ˜¡; rage 
ğŸ“¿; perles de priÃ¨re 
ğŸ¤°; femme enceinte 
ğŸ¤°ğŸ¿; ton femme peau sombre enceinte 
ğŸ¤°ğŸ»; tonus femme peau claire enceinte 
ğŸ¤°ğŸ¾; teint moyen foncÃ© femme enceinte 
ğŸ¤°ğŸ¼; tonus femme peau moyenne lumiÃ¨re enceinte 
ğŸ¤°ğŸ½; tonus femme peau moyenne enceinte 
ğŸ¥¨; bretzel 
ğŸ¦¯; sondage canne 
ğŸ¤´; prince 
ğŸ¤´ğŸ¿; prince teint foncÃ© 
ğŸ¤´ğŸ»; prince teint clair 
ğŸ¤´ğŸ¾; peau moyenne noir prince ton 
ğŸ¤´ğŸ¼; prince moyen lÃ©ger teint 
ğŸ¤´ğŸ½; prince moyen teint 
ğŸ‘¸; princesse 
ğŸ‘¸ğŸ¿; princesse teint foncÃ© 
ğŸ‘¸ğŸ»; teint lumiÃ¨re princesse 
ğŸ‘¸ğŸ¾; moyenne princesse teint -Dark 
ğŸ‘¸ğŸ¼; teint moyen-lumiÃ¨re princesse 
ğŸ‘¸ğŸ½; carnation moyenne princesse 
ğŸ–¨; imprimante 
ğŸš«; aucun signe d'entrÃ©e 
ğŸŸ£; cercle violet 
ğŸ’œ; coeur pourpre 
ğŸŸª; carrÃ© violet 
ğŸ‘›; bourse 
ğŸ“Œ; pushpin 
â“; question 
ğŸ°; visage de lapin 
ğŸ¦; raton laveur 
ğŸ; voiture de course 
ğŸ“»; radio 
ğŸ”˜; bouton radio 
â˜¢; signe radioactif 
ğŸšƒ; voiture ferroviaire 
ğŸ›¤; voie ferrÃ©e 
ğŸŒˆ; arc 
ğŸ³ï¸â€ğŸŒˆ; drapeau arc-en-
ğŸ¤š; Ã©levÃ© dos de la main 
ğŸ¤šğŸ¿; soulevÃ© dos de la main noire tonus de la peau 
ğŸ¤šğŸ»; soulevÃ© dos de la main teint clair 
ğŸ¤šğŸ¾; Ã©levÃ© dos de teint moyen foncÃ© main 
ğŸ¤šğŸ¼; Ã©levÃ© dos de teint moyen-lumiÃ¨re main 
ğŸ¤šğŸ½; Ã©levÃ© dos de teint moyen main 
âœŠ; poing 
âœŠğŸ¿; levÃ© le ton poing de la peau sombre 
âœŠğŸ»; soulevÃ© la lumiÃ¨re poing tonus de la peau 
âœŠğŸ¾; soulevÃ© le teint moyen foncÃ© poing 
âœŠğŸ¼; soulevÃ© le teint moyen de lumiÃ¨re poing 
âœŠğŸ½; soulevÃ© le teint moyen poing 
âœ‹; main 
âœ‹ğŸ¿; levÃ© la main teint foncÃ© 
âœ‹ğŸ»; soulevÃ© main teint lumiÃ¨re 
âœ‹ğŸ¾; Lever la main teint moyen foncÃ© 
âœ‹ğŸ¼; Ã©levÃ© moyen de la main teint -light 
âœ‹ğŸ½; soulevÃ© le teint moyen de la main 
ğŸ™Œ; mains levÃ©es 
ğŸ™ŒğŸ¿; levant les mains le teint foncÃ© 
ğŸ™ŒğŸ»; soulevant les mains teint clair 
ğŸ™ŒğŸ¾; Ã©lever peau moyenne noir ton mains 
ğŸ™ŒğŸ¼; soulevant la peau moyenne lumiÃ¨re ton mains 
ğŸ™ŒğŸ½; milieu d'Ã©levage carnation mains 
ğŸ; ram 
ğŸ€; rat 
ğŸª’; rasoir 
ğŸª; planÃ¨te annelÃ© 
ğŸ§¾; rÃ©ception 
âº; cercle noir pour l'enregistrement 
â™»; recyclage 
ğŸ; apple 
ğŸ”´; cercle rouge 
ğŸ§§; enveloppe rouge 
ğŸ¦°; cheveux rouge 
ğŸ‘¨â€ğŸ¦°; rouquin 
ğŸ‘©â€ğŸ¦°; femme rousse 
â¤; coeur 
ğŸ®; lanterne 
ğŸŸ¥; carrÃ© rouge 
ğŸ”»; petit vers le bas triangle rouge 
ğŸ”º; petit triangle rouge 
Â®; enregistrÃ© 
ğŸ˜Œ; soulagÃ© 
ğŸ—; ruban de rappel 
ğŸ”; rÃ©pÃ©tition 
ğŸ”‚; une rÃ©pÃ©tition 
â›‘; casque avec la croix blanche 
ğŸš»; toilettes 
â—€; flÃ¨che vers l'arriÃ¨re 
ğŸ’; coeurs tournant 
ğŸ¦; rhinocÃ©ros 
ğŸ€; nervure bon 
ğŸ™; boule de riz 
ğŸ˜; biscuit salÃ© de riz 
ğŸ¤œ; poing vers la droite 
ğŸ¤œğŸ¿; dirigÃ©e vers la droite carnation poing noir 
ğŸ¤œğŸ»; droit face Ã  carnation poing lumiÃ¨re 
ğŸ¤œğŸ¾; dirigÃ©e vers la droite le teint moyen foncÃ© poing 
ğŸ¤œğŸ¼; dirigÃ©e vers la droite le teint moyen de lumiÃ¨re poing 
ğŸ¤œğŸ½; droite -facing le teint moyen de poing 
ğŸ—¯; droite bulle de colÃ¨re 
â¡; flÃ¨che Ã  droite
â¤µ;flÃ¨che de descendre 
â†©; vers la gauche flÃ¨che avec crochet 
â¤´; ressources arrow position sur 
ğŸ’; ring 
ğŸ ; patate douce 
ğŸ¤–; robots 
ğŸš€; fusÃ©e 
ğŸ§»; rouleau de papier 
ğŸ—; enroulÃ© journal 
ğŸ¢; roller coaster 
ğŸ¤£; roulant sur le sol en riant 
ğŸ“; coq 
ğŸŒ¹; rose 
ğŸµ; rosette 
ğŸ“; pushpin ronde 
ğŸ‰; rugby 
ğŸ½; course chemise avec ceinture 
ğŸ‘Ÿ; chaussure de sport 
ğŸ˜¥; dÃ©Ã§u soulagÃ© 
ğŸ§·; goupille de sÃ©curitÃ© 
ğŸ¦º; gilet de sÃ©curitÃ© 
ğŸ§‚; sel 
â›µ; bateau 
ğŸ¶; amour 
ğŸ¥ª; sandwich 
ğŸ¥»; sari 
ğŸ“¡; antenne satellite 
ğŸ¦•; sauropode 
ğŸ·; saxophone 
ğŸ§£; Ã©charpe 
ğŸ«; Ã©cole 
ğŸ’; Ã©cole cartable 
âœ‚; ciseaux 
ğŸ¦‚; scorpion 
ğŸ“œ; scroll 
ğŸ’º; siÃ¨ge 
ğŸ™ˆ; voir aucun mal 
ğŸŒ±; semis 
ğŸ¤³; selfie 
ğŸ¤³ğŸ¿; selfie noir teint 
ğŸ¤³ğŸ»; selfie teint clair 
ğŸ¤³ğŸ¾; peau selfie moyenne noir ton 
ğŸ¤³ğŸ¼; peau moyenne lumiÃ¨re selfie ton 
ğŸ¤³ğŸ½; peau moyenne selfie ton 
ğŸ•â€ğŸ¦º; chien de service 
ğŸ•¢; clock730 
ğŸ•–; clock7 
ğŸ¥˜; pan peu profonde de la nourriture 
â˜˜; shamrock 
ğŸ¦ˆ; requin 
ğŸ§; glace pilÃ©e 
ğŸŒ¾; oreille de riz 
ğŸ›¡; bouclier 
â›©; sanctuaire shinto 
ğŸš¢; bateau 
ğŸŒ ; Ã©toiles 
ğŸ›; sacs Ã  provisions 
ğŸ›’; panier 
ğŸ°; gÃ¢teau 
ğŸ©³; short 
ğŸš¿; douche 
ğŸ¦; crevettes 
ğŸ”€; flÃ¨ches de DROITE tordues 
ğŸ¤«; visage shushing 
ğŸ¤˜; signe des cornes 
ğŸ¤˜ğŸ¿; signe des cornes sombres peau ton 
ğŸ¤˜ğŸ»; signe des cornes carnation lumiÃ¨re 
ğŸ¤˜ğŸ¾; signe de la peau moyenne foncÃ© cornes ton 
ğŸ¤˜ğŸ¼; signe de la peau moyenne lumiÃ¨re cornes ton 
ğŸ¤˜ğŸ½; signe des cornes carnation moyenne 
ğŸ•¡; c lock630 
ğŸ••; clock6 
ğŸ›¹; planche Ã  roulettes 
â›·; skieur 
ğŸ¿; ski 
ğŸ’€; crÃ¢ne 
â˜ ; crÃ¢ne et os croisÃ©s 
ğŸ¦¨; skunk 
ğŸ›·; traÃ®neau 
ğŸ˜´; dormir 
ğŸ˜ª; endormi 
ğŸ™; visage lÃ©gÃ¨rement les sourcils froncÃ©s 
ğŸ™‚; visage lÃ©gÃ¨rement souriant 
ğŸ°; machine Ã  sous 
ğŸ¦¥; indolence 
ğŸ›©; petit avion 
ğŸ”¹; petit diamant bleu 
ğŸ”¸; petit diamant orange 
ğŸ˜»; yeux cardiaques chat 
â˜º; visage souriant avec 3 coeurs 
ğŸ˜‡; 
ğŸ¥°; innocent 
ğŸ˜; dÃ©tendu yeux coeur 
ğŸ˜ˆ; sourire diablotin 
ğŸ˜Š; blush 
ğŸ˜; lunettes de soleil 
ğŸ˜; sourire en coin 
ğŸŒ; escargot 
ğŸ; serpent 
ğŸ¤§; Ã©ternuement visage 
ğŸ”; montagne enneigÃ©s 
ğŸ‚; snowboarder 
ğŸ‚ğŸ¿; snowboarder teint foncÃ© 
ğŸ‚ğŸ»; snowboarder teint clair 
ğŸ‚ğŸ¾; snowboarder moyen peau foncÃ©e ton 
ğŸ‚ğŸ¼; peau moyenne lumiÃ¨re snowboarder ton 
ğŸ‚ğŸ½; teint moyen snowboarder 
â„; flocon de neige 
â˜ƒ; bonhomme de neige 
â›„; bonhomme sans neige 
ğŸ§¼; savon 
âš½; football 
ğŸ§¦; chaussettes 
ğŸ¥; softball 
ğŸ¦; icecream 
â™ ; pique 
ğŸ; spaghetti 
â‡; Ã©tincelle 
ğŸ‡; sparkler 
âœ¨; scintille 
ğŸ’–; coeur mousseux 
ğŸ™Š; parlent pas mal 
ğŸ”Š; son fort 
ğŸ”ˆ; haut-parleur 
ğŸ”‰; son 
ğŸ—£; tÃªte parlante en silhouette 
ğŸ’¬; phylactÃ¨re 
ğŸš¤; vedette rapide 
ğŸ•·; araignÃ©e 
ğŸ•¸; toile d'araignÃ©e 
ğŸ—“; pad calendrier spirale 
ğŸ—’; bloc-notes spirale 
ğŸš; coquille 
ğŸ¥„; cuillÃ¨re 
ğŸ§½; Ã©ponge 
ğŸš™; voiture bleue 
ğŸ…; mÃ©daille sportive 
ğŸ³; baleine 
ğŸ¦‘; calmars 
ğŸ˜; coincÃ© langue yeux fermÃ©s 
ğŸŸ; stade 
ğŸ¤©; Ã©toile frappÃ© 
â˜ª; Ã©toile et croissant 
âœ¡; Ã©toile de david 
ğŸš‰; Station 
ğŸœ; ramen 
ğŸ©º; stÃ©thoscope 
â¹; carrÃ© noir pour arrÃªt 
ğŸ›‘; stop 
â±; st opwatch 
ğŸ“; rÃ¨gle droite 
ğŸ“; fraise 
ğŸ™; micro studio 
ğŸ¥™; flatbread farcie 
â˜€; soleil 
â›…; partiellement ensoleillÃ© 
ğŸŒ¥; soleil blanc derriÃ¨re nuage 
ğŸŒ¦; soleil blanc derriÃ¨re nuage de pluie 
ğŸŒ¤; soleil blanc avec petit nuage 
ğŸŒ; soleil avec le visage 
ğŸŒ»; tournesol 
ğŸŒ…; lever du soleil 
ğŸŒ„; lever du soleil sur les montagnes 
ğŸŒ‡; lever du soleil ville 
ğŸ¦¸; super-hÃ©ros 
ğŸ¦¹; supervillain 
ğŸ£; sushi 
ğŸšŸ; chemin de fer suspendu 
ğŸ¦¢; cygne 
ğŸ’¦; gouttes de sueur 
ğŸ•; synagogue 
ğŸ’‰; seringue 
ğŸ‘•; tshirt 
ğŸŒ®; taco 
ğŸ¥¡; boÃ®te de mets Ã  emporter 
ğŸ‹; arbre Tanabata 
ğŸŠ; tangerine 
ğŸš•; taxis 
ğŸµ; thÃ© 
ğŸ§¸; ours en peluche 
â˜; tÃ©lÃ©phone 
ğŸ“; rÃ©cepteur tÃ©lÃ©phonique 
ğŸ”­; tÃ©lescope 
ğŸ“º; tv 
ğŸ•¥; clock1030 
ğŸ•™; clock10 
ğŸ¾; Tennis 
â›º; tente 
ğŸ§ª; tube Ã  essai 
ğŸŒ¡; thermomÃ¨tre 
ğŸ¤”; pensant visage 
ğŸ’­; pensÃ© ballon 
ğŸ§µ; fil 
ğŸ•; clock330 
ğŸ•’; clock3 
ğŸ‘; thumbsdown 
ğŸ‘ğŸ¿; pouces vers le bas teint foncÃ© 
ğŸ‘ğŸ»; pouces vers le bas teint clair 
ğŸ‘ğŸ¾; pouces vers le bas teint moyen foncÃ© 
ğŸ‘ğŸ¼; pouces vers le bas peau moyenne lumiÃ¨re ton 
ğŸ‘ğŸ½; pouces vers le bas le teint moyen 
ğŸ‘; thumbsup 
ğŸ‘ğŸ¿; pouces vers le haut teint foncÃ© 
ğŸ‘ğŸ»; pouces vers le haut teint clair 
ğŸ‘ğŸ¾; pouces vers le haut le teint moyen foncÃ© 
ğŸ‘ğŸ¼; pouces vers le haut teint moyen lumiÃ¨re 
ğŸ‘ğŸ½; pouces vers le haut le teint moyen 
ğŸ«; billet 
ğŸ¯; visage de tigre 
â²; minuterie horloge 
ğŸ˜«; visage fatiguÃ© 
ğŸ§°; boÃ®te Ã  outils 
ğŸš½; toilettes 
ğŸ…; tomates 
ğŸ‘…; langue 
ğŸ¦·; dent 
ğŸ©; tophat 
ğŸŒª; nuage avec tornade 
ğŸ–²; boule de commande 
ğŸšœ; tracteur 
â„¢; tm 
ğŸš‹; voiture tram 
ğŸšŠ; tram 
ğŸš©; fl triangulaire ag sur le poteau 
ğŸ“; rÃ¨gle triangulaire 
ğŸ”±; trident 
ğŸš; trolleybus 
ğŸ†; trophÃ©e 
ğŸ¹; boisson tropicale 
ğŸ ; poissons tropicaux 
ğŸº; trompette 
ğŸŒ·; tulipe 
ğŸ¥ƒ; verre tumbler 
ğŸ¦ƒ; dinde 
ğŸ¢; tortue 
ğŸ•§; clock1230 
ğŸ•›; clock12 
ğŸ•; clock230 
ğŸ’•; deux coeurs 
ğŸ‘¬; deux hommes se tenant la main 
ğŸ•‘; clock2 
ğŸ‘­; deux femmes se tenant la main 
â˜‚; parapluie 
â›±; parasol sur terre 
â˜”; parapluie avec des gouttes de pluie 
ğŸ˜’; unamused 
ğŸ¦„; visage licorne 
ğŸ”“; Unlock 
â†•; flÃ¨che vers le haut vers le bas 
â†–; flÃ¨che en haut Ã  gauche 
â†—; flÃ¨che en haut Ã  droite 
â¬†; flÃ¨che vers le haut 
ğŸ™ƒ; tÃªte face vers le bas 
ğŸ”¼; flÃ¨che vers le haut petit 
ğŸ§›; vampire 
ğŸ§›ğŸ¿; vampire teint foncÃ© 
ğŸ§›ğŸ»; vampire teint clair 
ğŸ§›ğŸ¾; teint moyen foncÃ© vampire 
ğŸ§›ğŸ¼; teint moyen-lumiÃ¨re vampire 
ğŸ§›ğŸ½; carnation moyenne vampire 
ğŸš¦; feu vertical 
ğŸ“³; mode de vibration 
âœŒ; v 
âœŒğŸ¿; victoire main carnation sombre 
âœŒğŸ»; victoire main carnation lumiÃ¨re 
âœŒğŸ¾; victoire main peau moyenne noir ton 
âœŒğŸ¼; victoire main moyenne lumiÃ¨re teint 
âœŒğŸ½; victoire teint moyen main 
ğŸ“¹; camÃ©ra vidÃ©o 
ğŸ®; jeu vidÃ©o 
ğŸ“¼; vhs 
ğŸ»; violon 
ğŸŒ‹; volcan 
ğŸ; volley-ball 
ğŸ––; main levÃ©e avec une partie entre les doigts et l'annulaire 
ğŸ––ğŸ¿; salut vulcain teint foncÃ© 
ğŸ––ğŸ»; salut vulcain peau claire ton 
ğŸ––ğŸ¾; Vulcan salue le teint moyen foncÃ© 
ğŸ––ğŸ¼; Vulcan salue le teint moyen de lumiÃ¨re 
ğŸ––ğŸ½; salut vulcain carnation moyenne 
ğŸ§‡; w Affle 
ğŸŒ˜; lune dÃ©croissante croissant 
ğŸŒ–; lune gibbeuse dÃ©croissante 
âš ; Avertissement 
ğŸ—‘; wastebasket 
âŒš; montre 
ğŸƒ; buffle d'eau 
ğŸš¾; WC 
ğŸŒŠ; ocÃ©an 
ğŸ‰; pastÃ¨que 
ğŸ‘‹; vague 
ğŸ‘‹ğŸ¿; agitant le teint Ã  la main sombre 
ğŸ‘‹ğŸ»; agitant la main teint lumiÃ¨re 
ğŸ‘‹ğŸ¾; agitant la main teint moyen foncÃ© 
ğŸ‘‹ğŸ¼; agitant moyen de la main teint -light 
ğŸ‘‹ğŸ½; agitant le teint moyen main 
ã€°; tableau de bord ondulÃ© 
ğŸŒ’; Ã©pilation Ã  la cire croissant de lune 
ğŸŒ”; lune 
ğŸ™€; chat cri 
ğŸ˜©; fatiguÃ© 
ğŸ’’; mariage 
â˜¸; roue du dharma 
â™¿; fauteuil roulant 
âšª; cercle blanc 
â•; exclamation gris 
ğŸ³; ondulant drapeau blanc 
ğŸ’®; fleur blanche 
ğŸ¦³; cheveux blancs 
ğŸ‘¨â€ğŸ¦³; blanc homme -haired 
ğŸ‘©â€ğŸ¦³; femme aux cheveux blancs 
ğŸ¤; coeur blanc 
âœ…; coche blanc 
â¬œ; blanc grand carrÃ© 
â—½; blanc moyen petit carrÃ© 
â—»; carrÃ© moyen blanc 
â­; Ã©toile 
â”; question gris 
â–«; blanc petit carrÃ© 
ğŸ”³; bouton carrÃ© blanc 
ğŸ¥€; fanÃ©e fleur 
ğŸ; carillon vent 
ğŸŒ¬; souffle du vent visage 
ğŸ·; verre de vin 
ğŸ˜‰; clin d'oeil 
ğŸ˜œ; coincÃ© langue clignant des yeux 
ğŸº; loup 
ğŸ‘©; femme 
ğŸ‘©â€ğŸ¨; femme artiste 
ğŸ‘©ğŸ¿â€ğŸ¨; femme artiste teint foncÃ© 
ğŸ‘©ğŸ»â€ğŸ¨; femme artiste teint lumiÃ¨re 
ğŸ‘©ğŸ¾â€ğŸ¨; femme teint moyen foncÃ© artiste 
ğŸ‘©ğŸ¼â€ğŸ¨; femme teint moyen-lumiÃ¨re artiste 
ğŸ‘©ğŸ½â€ğŸ¨; femme artiste teint moyen 
ğŸ‘©â€ğŸš€; femme astronaute 
ğŸ‘©ğŸ¿â€ğŸš€; femme carnation astronaute sombre 
ğŸ‘©ğŸ»â€ğŸš€; femme astronaute teint lumiÃ¨re 
ğŸ‘©ğŸ¾â€ğŸš€; femme peau moyenne foncÃ© astronaute ton 
ğŸ‘©ğŸ¼â€ğŸš€; femme astronaute moyenne lumiÃ¨re teint 
ğŸ‘©ğŸ½â€ğŸš€; femme teint moyen astronaute 
ğŸš´â€â™€ï¸; femme vÃ©lo 
ğŸš´ğŸ¿â€â™€ï¸; femme noire carnation vÃ©lo 
ğŸš´ğŸ»â€â™€ï¸; femme vÃ©lo teint lumiÃ¨re 
ğŸš´ğŸ¾â€â™€ï¸; femme peau moyenne noir vÃ©lo ton 
ğŸš´ğŸ¼â€â™€ï¸; femme teint moyen-lumiÃ¨re vÃ©lo 
ğŸš´ğŸ½â€â™€ï¸; femme vÃ©lo carnation moyenne 
â›¹ï¸â€â™€ï¸; femme balle bondissante 
â›¹ğŸ¿â€â™€ï¸; femme rebondir carnation balle sombre 
â›¹ğŸ»â€â™€ï¸; femme balle bondissante teint lumiÃ¨re 
â›¹ğŸ¾â€â™€ï¸; femme rebondissant peau moyenne noir tonus balle 
â›¹ğŸ¼â€â™€ï¸; femme rebondissant carnation moyenne lumiÃ¨re balle 
â›¹ğŸ½â€â™€ï¸; femme rebondissant carnation milieu de balle 
ğŸ™‡â€â™€ï¸; femme saluant 
ğŸ™‡ğŸ¿â€â™€ï¸; femme saluant noir tonus de la peau 
ğŸ™‡ğŸ»â€â™€ï¸; femme s'inclinant le teint clair 
ğŸ™‡ğŸ¾â€â™€ï¸; femme saluant le teint moyen foncÃ© 
ğŸ™‡ğŸ¼â€â™€ï¸; femme saluant le teint moyen de lumiÃ¨re 
ğŸ™‡ğŸ½â€â™€ï¸; femme saluant le teint moyen 
ğŸ¤¸â€â™€ï¸; femme se renversant 
ğŸ¤¸ğŸ¿â€â™€ï¸; femme renversant sur le teint foncÃ© 
ğŸ¤¸ğŸ»â€â™€ï¸; femme renversant sur le ton de la peau claire 
ğŸ¤¸ğŸ¾â€â™€ï¸; femme se renversant Ã  moyen teint foncÃ© 
ğŸ¤¸ğŸ¼â€â™€ï¸; femme teint moyen-lumiÃ¨re se renversant 
ğŸ¤¸ğŸ½â€â™€ï¸; femme renversant sur le ton de la peau moyenne 
ğŸ§—â€â™€ï¸; escalade femme 
ğŸ§—ğŸ¿â€â™€ï¸; femme teint foncÃ© escalade 
ğŸ§—ğŸ»â€â™€ï¸; femme escalade teint lumiÃ¨re 
ğŸ§—ğŸ¾â€â™€ï¸; femme teint moyen foncÃ© escalade 
ğŸ§—ğŸ¼â€â™€ï¸; femme teint moyen-lumiÃ¨re escalade 
ğŸ§—ğŸ½â€â™€ï¸; femme escalade carnation moyenne 
ğŸ‘·â€â™€ï¸; femme travailleur de la construction 
ğŸ‘·ğŸ¿â€â™€ï¸; femme travailleur de la construction teint foncÃ© 
ğŸ‘·ğŸ»â€â™€ï¸; femme travailleur de la construction teint clair 
ğŸ‘·ğŸ¾â€â™€ï¸; femme teint moyen foncÃ© travailleur de la construction 
ğŸ‘·ğŸ¼â€â™€ï¸; femme teint moyen-lumiÃ¨re travailleur de la construction 
ğŸ‘·ğŸ½â€â™€ï¸; femme teint moyen des travailleurs de la construction 
ğŸ‘©â€ğŸ³; femme cuire 
ğŸ‘©ğŸ¿â€ğŸ³; femme CUISS peau foncÃ©e 
ğŸ‘©ğŸ»â€ğŸ³; femme CUISS peau claire 
ğŸ‘©ğŸ¾â€ğŸ³; femme cuire peau moyenne noir ton 
ğŸ‘©ğŸ¼â€ğŸ³; femme cuire le teint moyen lumiÃ¨re 
ğŸ‘©ğŸ½â€ğŸ³; femme cuire carnation moyenne 
ğŸ’ƒ; danseur 
ğŸ’ƒğŸ¿; femme teint foncÃ© danse 
ğŸ’ƒğŸ»; femme teint lumiÃ¨re danse 
ğŸ’ƒğŸ¾; femme qui danse moyen foncÃ© teint 
ğŸ’ƒğŸ¼; femme teint moyen-lumiÃ¨re danse 
ğŸ’ƒğŸ½; femme teint moyen de danse 
ğŸ‘©ğŸ¿; femme teint foncÃ© 
ğŸ•µï¸â€â™€ï¸; femme dÃ©tective 
ğŸ•µğŸ¿â€â™€ï¸; femme dÃ©tective teint foncÃ© 
ğŸ•µğŸ»â€â™€ï¸; femme dÃ©tective teint lumiÃ¨re 
ğŸ•µğŸ¾â€â™€ï¸; femme teint moyen noir dÃ©tective 
ğŸ•µğŸ¼â€â™€ï¸; femme dÃ©tective moyenne lumiÃ¨re teint 
ğŸ•µğŸ½â€â™€ï¸; femme teint moyen dÃ©tective 
ğŸ§â€â™€ï¸; femme elfe 
ğŸ§ğŸ¿â€â™€ï¸; femme teint elfe foncÃ© 
ğŸ§ğŸ»â€â™€ï¸; femme elfe teint lumiÃ¨re 
ğŸ§ğŸ¾â€â™€ï¸; femme teint moyen elfe noir 
ğŸ§ğŸ¼â€â™€ï¸; femme teint moyen-lumiÃ¨re elfe 
ğŸ§ğŸ½â€â™€ï¸; femme teint moyen elfe 
ğŸ¤¦â€â™€ï¸; femme facepalming 
ğŸ¤¦ğŸ¿â€â™€ï¸; femme facepalming s sombres kin ton 
ğŸ¤¦ğŸ»â€â™€ï¸; femme facepalming teint lumiÃ¨re 
ğŸ¤¦ğŸ¾â€â™€ï¸; femme facepalming moyen foncÃ© teint 
ğŸ¤¦ğŸ¼â€â™€ï¸; femme facepalming teint moyenne lumiÃ¨re 
ğŸ¤¦ğŸ½â€â™€ï¸; femme facepalming carnation moyenne 
ğŸ‘©â€ğŸ­; femme ouvrier 
ğŸ‘©ğŸ¿â€ğŸ­; femme ouvrier d'usine teint foncÃ© 
ğŸ‘©ğŸ»â€ğŸ­; femme ouvrier d'usine teint lumiÃ¨re
ğŸ‘©ğŸ¾â€ğŸ­;femme teint moyen foncÃ© ouvrier 
ğŸ‘©ğŸ¼â€ğŸ­; femme teint moyen-lÃ©ger ouvrier d'usine 
ğŸ‘©ğŸ½â€ğŸ­; femme teint moyen ouvrier d'usine 
ğŸ§šâ€â™€ï¸; femme fÃ©e 
ğŸ§šğŸ¿â€â™€ï¸; femme fÃ©e teint foncÃ© 
ğŸ§šğŸ»â€â™€ï¸; femme fÃ©e teint lumiÃ¨re 
ğŸ§šğŸ¾â€â™€ï¸; femme teint moyen foncÃ© fÃ©e 
ğŸ§šğŸ¼â€â™€ï¸; femme fÃ©e moyenne lumiÃ¨re teint 
ğŸ§šğŸ½â€â™€ï¸; femme teint moyen de fÃ©es 
ğŸ‘©â€ğŸŒ¾; agricultrice 
ğŸ‘©ğŸ¿â€ğŸŒ¾; agricultrice teint foncÃ© 
ğŸ‘©ğŸ»â€ğŸŒ¾; agricultrice teint clair 
ğŸ‘©ğŸ¾â€ğŸŒ¾; agricultrice moyen foncÃ© teint 
ğŸ‘©ğŸ¼â€ğŸŒ¾; agricultrice teint moyen lumiÃ¨re 
ğŸ‘©ğŸ½â€ğŸŒ¾; femme carnation moyenne fermier 
ğŸ‘©â€ğŸš’; femme pompier 
ğŸ‘©ğŸ¿â€ğŸš’; pompier femme teint foncÃ© 
ğŸ‘©ğŸ»â€ğŸš’; femme pompier teint lumiÃ¨re 
ğŸ‘©ğŸ¾â€ğŸš’; femme teint moyen foncÃ© pompier 
ğŸ‘©ğŸ¼â€ğŸš’; femme teint moyen-lumiÃ¨re pompier 
ğŸ‘©ğŸ½â€ğŸš’; femme teint moyen de pompier 
ğŸ™â€â™€ï¸; femme fronÃ§ant les sourcils 
ğŸ™ğŸ¿â€â™€ï¸; femme fronÃ§ant les sourcils teint foncÃ© 
ğŸ™ğŸ»â€â™€ï¸; femme fronÃ§ant les sourcils teint lumiÃ¨re 
ğŸ™ğŸ¾â€â™€ï¸; femme fronÃ§ant les sourcils teint moyen foncÃ© 
ğŸ™ğŸ¼â€â™€ï¸; femme fronÃ§ant les sourcils teint moyenne lumiÃ¨re 
ğŸ™ğŸ½â€â™€ï¸; femme fronÃ§ant les sourcils teint moyen 
ğŸ§â€â™€ï¸; femme genie 
ğŸ™…â€â™€ï¸; femme faisant un geste NO 
ğŸ™…ğŸ¿â€â™€ï¸; femme faisant des gestes NO teint foncÃ© 
ğŸ™…ğŸ»â€â™€ï¸; femme faisant signe teint NO lumiÃ¨re 
ğŸ™…ğŸ¾â€â™€ï¸; femme faisant un geste NO moyen foncÃ© tonus de la peau 
ğŸ™…ğŸ¼â€â™€ï¸; femme gesturin g NO teint moyenne lumiÃ¨re 
ğŸ™…ğŸ½â€â™€ï¸; femme faisant un geste NO moyen teint 
ğŸ™†â€â™€ï¸; femme faisant signe OK 
ğŸ™†ğŸ¿â€â™€ï¸; femme faisant signe carnation OK sombre 
ğŸ™†ğŸ»â€â™€ï¸; femme faisant signe OK teint clair 
ğŸ™†ğŸ¾â€â™€ï¸; femme faisant des gestes carnation OK mi-noire 
ğŸ™†ğŸ¼â€â™€ï¸; femme gesticulant le teint moyen clair OK 
ğŸ™†ğŸ½â€â™€ï¸; femme faisant des gestes carnation moyenne OK 
ğŸ’‡â€â™€ï¸; femme se coupe de cheveux 
ğŸ’‡ğŸ¿â€â™€ï¸; femme obtenir le teint coupe de cheveux noir 
ğŸ’‡ğŸ»â€â™€ï¸; femme se coupe de cheveux teint clair 
ğŸ’‡ğŸ¾â€â™€ï¸; femme obtenir le teint coupe de cheveux mi-noire 
ğŸ’‡ğŸ¼â€â™€ï¸; femme obtenir le teint moyen-lÃ©ger coupe de cheveux 
ğŸ’‡ğŸ½â€â™€ï¸; femme obtenir le teint moyen de coupe 
ğŸ’†â€â™€ï¸; femme obtenir massage 
ğŸ’†ğŸ¿â€â™€ï¸; femme obtenir le teint foncÃ© massage 
ğŸ’†ğŸ»â€â™€ï¸; femme obtenir le teint lumiÃ¨re massage 
ğŸ’†ğŸ¾â€â™€ï¸; femme obtenir le teint moyen foncÃ© massage 
ğŸ’†ğŸ¼â€â™€ï¸; femme obtenir le teint moyen-lÃ©ger massage 
ğŸ’†ğŸ½â€â™€ï¸; femme obtenir le teint moyen de massage 
ğŸŒï¸â€â™€ï¸; femme golf 
ğŸŒğŸ¿â€â™€ï¸; femme golf noir tonus de la peau 
ğŸŒğŸ»â€â™€ï¸; femme golf teint lumiÃ¨re 
ğŸŒğŸ¾â€â™€ï¸; femme teint moyen foncÃ© golf 
ğŸŒğŸ¼â€â™€ï¸; femme teint moyen-lumiÃ¨re golf 
ğŸŒğŸ½â€â™€ï¸; femme carnation moyenne de golf 
ğŸ’‚â€â™€ï¸; femme garde 
ğŸ’‚ğŸ¿â€â™€ï¸; femme garde le teint foncÃ© 
ğŸ’‚ğŸ»â€â™€ï¸; femme garde le teint clair 
ğŸ’‚ğŸ¾â€â™€ï¸; femme garde moyen teint foncÃ© 
ğŸ’‚ğŸ¼â€â™€ï¸; w peau moyenne lumiÃ¨re garde oman ton 
ğŸ’‚ğŸ½â€â™€ï¸; femme garde le teint moyen 
ğŸ‘©â€âš•ï¸; femme agent de santÃ© 
ğŸ‘©ğŸ¿â€âš•ï¸; femme agent de santÃ© teint foncÃ© 
ğŸ‘©ğŸ»â€âš•ï¸; femme agent de santÃ© teint clair 
ğŸ‘©ğŸ¾â€âš•ï¸; femme teint moyen foncÃ© agent de santÃ© 
ğŸ‘©ğŸ¼â€âš•ï¸; femme teint moyen-lÃ©ger agent de santÃ© 
ğŸ‘©ğŸ½â€âš•ï¸; femme teint moyen des travailleurs de la santÃ© 
ğŸ§˜â€â™€ï¸; femme en position de lotus 
ğŸ§˜ğŸ¿â€â™€ï¸; femme en position de lotus teint foncÃ© 
ğŸ§˜ğŸ»â€â™€ï¸; femme en position de lotus teint clair 
ğŸ§˜ğŸ¾â€â™€ï¸; femme teint moyen foncÃ© position de lotus 
ğŸ§˜ğŸ¼â€â™€ï¸; femme dans le ton de la peau moyenne lumiÃ¨re position du lotus 
ğŸ§˜ğŸ½â€â™€ï¸; femme le teint moyen de position lotus 
ğŸ‘©â€ğŸ¦½; femme en fauteuil roulant manuel 
ğŸ‘©â€ğŸ¦¼; femme en fauteuil roulant motorisÃ© 
ğŸ§–â€â™€ï¸; femme dans la chambre fumants 
ğŸ§–ğŸ¿â€â™€ï¸; femme dans le ton de la peau chaude et humide chambre sombre 
ğŸ§–ğŸ»â€â™€ï¸; femme dans la chambre chaude et humide teint clair 
ğŸ§–ğŸ¾â€â™€ï¸; femme dans la peau piÃ¨ce embuÃ©e moyen foncÃ© ton 
ğŸ§–ğŸ¼â€â™€ï¸; femme chaude et humide chambre moyenne lumiÃ¨re teint 
ğŸ§–ğŸ½â€â™€ï¸; femme teint moyen de piÃ¨ce embuÃ©e 
ğŸ‘©â€âš–ï¸; femme juge 
ğŸ‘©ğŸ¿â€âš–ï¸; femme juge carnation foncÃ©e 
ğŸ‘©ğŸ»â€âš–ï¸; femme juge teint lumiÃ¨re 
ğŸ‘©ğŸ¾â€âš–ï¸; femme teint moyen foncÃ© juge 
ğŸ‘©ğŸ¼â€âš–ï¸; femme teint moyen-lumiÃ¨re juge 
ğŸ‘©ğŸ½â€âš–ï¸; femme peau moyenne juge ton 
ğŸ¤¹â€â™€ï¸; femme jonglerie 
ğŸ¤¹ğŸ¿â€â™€ï¸; femme jonglerie teint foncÃ© 
ğŸ¤¹ğŸ»â€â™€ï¸; w jonglerie oman teint clair 
ğŸ¤¹ğŸ¾â€â™€ï¸; femme teint moyen foncÃ© jonglage 
ğŸ¤¹ğŸ¼â€â™€ï¸; femme teint moyen-lumiÃ¨re jongler 
ğŸ¤¹ğŸ½â€â™€ï¸; femme teint moyen de jongler 
ğŸ‹ï¸â€â™€ï¸; femme poids de levage 
ğŸ‹ğŸ¿â€â™€ï¸; femme poids de levage teint foncÃ© 
ğŸ‹ğŸ»â€â™€ï¸; femme poids de levage carnation lumiÃ¨re 
ğŸ‹ğŸ¾â€â™€ï¸; femme moyenne de poids de levage tonus de la peau -Dark 
ğŸ‹ğŸ¼â€â™€ï¸; femme peau moyenne lumiÃ¨re poids de levage ton 
ğŸ‹ğŸ½â€â™€ï¸; poids de levage femme moyenne teint 
ğŸ‘©ğŸ»; femme teint lumiÃ¨re 
ğŸ§™â€â™€ï¸; femme mage 
ğŸ§™ğŸ¿â€â™€ï¸; femme mage teint foncÃ© 
ğŸ§™ğŸ»â€â™€ï¸; femme mage teint lumiÃ¨re 
ğŸ§™ğŸ¾â€â™€ï¸; femme mage teint moyen-foncÃ© 
ğŸ§™ğŸ¼â€â™€ï¸; femme mage moyen lÃ©ger teint 
ğŸ§™ğŸ½â€â™€ï¸; femme mage carnation moyenne 
ğŸ‘©â€ğŸ”§; femme mÃ©canicien 
ğŸ‘©ğŸ¿â€ğŸ”§; femme ton mÃ©canicien peau noire 
ğŸ‘©ğŸ»â€ğŸ”§; femme teint lumiÃ¨re mÃ©canique 
ğŸ‘©ğŸ¾â€ğŸ”§; femme moyenne noir teint mÃ©canique 
ğŸ‘©ğŸ¼â€ğŸ”§; femme teint moyen-lumiÃ¨re mÃ©canique 
ğŸ‘©ğŸ½â€ğŸ”§; femme teint moyen mÃ©canique 
ğŸ‘©ğŸ¾; femme moyenne noir teint 
ğŸ‘©ğŸ¼; femme teint moyen lumiÃ¨re 
ğŸ‘©ğŸ½; ton femme peau moyenne 
ğŸšµâ€â™€ï¸; femme VTT 
ğŸšµğŸ¿â€â™€ï¸; femme VTT teint foncÃ© 
ğŸšµğŸ»â€â™€ï¸; montagne femme vÃ©lo carnation lumiÃ¨re 
ğŸšµğŸ¾â€â™€ï¸; montagne femme vÃ©lo teint moyen foncÃ© 
ğŸšµğŸ¼â€â™€ï¸; moyenne VTT femme teint -light 
ğŸšµğŸ½â€â™€ï¸; femme mo le teint moyen de vÃ©lo untain 
ğŸ‘©â€ğŸ’¼; femme employÃ©e de bureau 
ğŸ‘©ğŸ¿â€ğŸ’¼; femme employÃ©e de bureau teint foncÃ© 
ğŸ‘©ğŸ»â€ğŸ’¼; femme employÃ©e de bureau teint lumiÃ¨re 
ğŸ‘©ğŸ¾â€ğŸ’¼; femme peau moyenne foncÃ© employÃ© de bureau ton 
ğŸ‘©ğŸ¼â€ğŸ’¼; femme teint moyen-lumiÃ¨re employÃ© de bureau 
ğŸ‘©ğŸ½â€ğŸ’¼; femme teint moyen employÃ© de bureau 
ğŸ‘©â€âœˆï¸; femme pilote 
ğŸ‘©ğŸ¿â€âœˆï¸; femme pilote teint foncÃ© 
ğŸ‘©ğŸ»â€âœˆï¸; femme pilote teint lumiÃ¨re 
ğŸ‘©ğŸ¾â€âœˆï¸; femme teint moyen foncÃ© pilote 
ğŸ‘©ğŸ¼â€âœˆï¸; femme teint moyen-lumiÃ¨re pilote 
ğŸ‘©ğŸ½â€âœˆï¸; femme teint moyen pilote 
ğŸ¤¾â€â™€ï¸; femme handball de jeu 
ğŸ¤¾ğŸ¿â€â™€ï¸; femme jouant au handball teint foncÃ© 
ğŸ¤¾ğŸ»â€â™€ï¸; femme handball du jeu teint clair 
ğŸ¤¾ğŸ¾â€â™€ï¸; Joueuse de teint moyen foncÃ© hand-ball 
ğŸ¤¾ğŸ¼â€â™€ï¸; femme teint moyen-lumiÃ¨re handball jeu 
ğŸ¤¾ğŸ½â€â™€ï¸; femme teint moyen de handball de jeu 
ğŸ¤½â€â™€ï¸; femme jouer au water-polo 
ğŸ¤½ğŸ¿â€â™€ï¸; femme jouer au water-polo noir peau ton 
ğŸ¤½ğŸ»â€â™€ï¸; femme jouant eau ton polo peau claire 
ğŸ¤½ğŸ¾â€â™€ï¸; Joueuse de water-polo moyen foncÃ© teint 
ğŸ¤½ğŸ¼â€â™€ï¸; Joueuse de water-polo moyen lÃ©ger teint 
ğŸ¤½ğŸ½â€â™€ï¸; Joueuse de l'eau carnation polo moyenne 
ğŸ‘®â€â™€ï¸; femme officier de police 
ğŸ‘®ğŸ¿â€â™€ï¸; femme officier de police teint foncÃ© 
ğŸ‘®ğŸ»â€â™€ï¸; femme teint lumiÃ¨re policier 
ğŸ‘®ğŸ¾â€â™€ï¸; femme me agent de police DIUM foncÃ© teint 
ğŸ‘®ğŸ¼â€â™€ï¸; femme teint moyen-lÃ©ger officier de police 
ğŸ‘®ğŸ½â€â™€ï¸; femme carnation moyenne policier 
ğŸ™â€â™€ï¸; femme moue 
ğŸ™ğŸ¿â€â™€ï¸; femme moue teint foncÃ© 
ğŸ™ğŸ»â€â™€ï¸; femme moue teint lumiÃ¨re 
ğŸ™ğŸ¾â€â™€ï¸; femme peau moyenne noir moue ton 
ğŸ™ğŸ¼â€â™€ï¸; femme moyenne lumiÃ¨re moue peau ton 
ğŸ™ğŸ½â€â™€ï¸; femme teint moyen boudeuse 
ğŸ™‹â€â™€ï¸; femme levant la main 
ğŸ™‹ğŸ¿â€â™€ï¸; femme Ã©levant le teint Ã  la main sombre 
ğŸ™‹ğŸ»â€â™€ï¸; femme levant la main teint lumiÃ¨re 
ğŸ™‹ğŸ¾â€â™€ï¸; femme Ã©levant le teint moyen sombre main 
ğŸ™‹ğŸ¼â€â™€ï¸; femme Ã©levant le teint moyen lumiÃ¨re main 
ğŸ™‹ğŸ½â€â™€ï¸; femme Ã©levant la peau moyenne de la main ton 
ğŸš£â€â™€ï¸; femme bateau d'aviron 
ğŸš£ğŸ¿â€â™€ï¸; femme peau bateau noir aviron ton 
ğŸš£ğŸ»â€â™€ï¸; femme bateau avec rames carnation lumiÃ¨re 
ğŸš£ğŸ¾â€â™€ï¸; femme peau moyenne noir bateau aviron ton 
ğŸš£ğŸ¼â€â™€ï¸; femme peau moyenne lumiÃ¨re bateau avec rames ton 
ğŸš£ğŸ½â€â™€ï¸; femme teint moyen bateau aviron 
ğŸƒâ€â™€ï¸; femme course 
ğŸƒğŸ¿â€â™€ï¸; femme course teint foncÃ© 
ğŸƒğŸ»â€â™€ï¸; femme courir le teint clair 
ğŸƒğŸ¾â€â™€ï¸; femme courir le teint moyen foncÃ© 
ğŸƒğŸ¼â€â™€ï¸; femme courir le teint moyen de lumiÃ¨re 
ğŸƒğŸ½â€â™€ï¸; femme courir le teint moyen 
ğŸ‘©â€ğŸ”¬; femme scientifique 
ğŸ‘©ğŸ¿â€ğŸ”¬; femme scientifique teint foncÃ© 
ğŸ‘©ğŸ»â€ğŸ”¬; femme scientifique teint lumiÃ¨re 
ğŸ‘©ğŸ¾â€ğŸ”¬; femme moyenne scientifique carnation -Dark 
ğŸ‘©ğŸ¼â€ğŸ”¬; femme scientifique med ium lumiÃ¨re teint 
ğŸ‘©ğŸ½â€ğŸ”¬; femme teint moyen scientifique 
ğŸ¤·â€â™€ï¸; femme en haussant les Ã©paules 
ğŸ¤·ğŸ¿â€â™€ï¸; femme en haussant les Ã©paules teint foncÃ© 
ğŸ¤·ğŸ»â€â™€ï¸; femme haussant les Ã©paules teint lumiÃ¨re 
ğŸ¤·ğŸ¾â€â™€ï¸; femme en haussant les Ã©paules teint moyen foncÃ© 
ğŸ¤·ğŸ¼â€â™€ï¸; femme haussant les Ã©paules teint moyenne lumiÃ¨re 
ğŸ¤·ğŸ½â€â™€ï¸; femme en haussant les Ã©paules carnation moyenne 
ğŸ‘©â€ğŸ¤; femme chanteur 
ğŸ‘©ğŸ¿â€ğŸ¤; femme chanteur teint foncÃ© 
ğŸ‘©ğŸ»â€ğŸ¤; femme chanteur teint lumiÃ¨re 
ğŸ‘©ğŸ¾â€ğŸ¤; femme teint moyen foncÃ© chanteur 
ğŸ‘©ğŸ¼â€ğŸ¤; femme teint moyen-lumiÃ¨re chanteur 
ğŸ‘©ğŸ½â€ğŸ¤; femme carnation moyenne chanteuse 
ğŸ‘©â€ğŸ“; femme Ã©tudiante 
ğŸ‘©ğŸ¿â€ğŸ“; femme carnation Ã©tudiant noir 
ğŸ‘©ğŸ»â€ğŸ“; femme Ã©tudiant teint lumiÃ¨re 
ğŸ‘©ğŸ¾â€ğŸ“; peau Ã©tudiant femme mi-noire ton 
ğŸ‘©ğŸ¼â€ğŸ“; femme teint moyen-lumiÃ¨re Ã©tudiant 
ğŸ‘©ğŸ½â€ğŸ“; femme carnation moyenne Ã©tudiante 
ğŸ„â€â™€ï¸; femme surf 
ğŸ„ğŸ¿â€â™€ï¸; femme teint foncÃ© surf 
ğŸ„ğŸ»â€â™€ï¸; femme surf teint lumiÃ¨re 
ğŸ„ğŸ¾â€â™€ï¸; femme teint moyen foncÃ© surf 
ğŸ„ğŸ¼â€â™€ï¸; femme surf moyen teint clair 
ğŸ„ğŸ½â€â™€ï¸; femme teint moyen de surf 
ğŸŠâ€â™€ï¸; femme natation 
ğŸŠğŸ¿â€â™€ï¸; femme natation teint foncÃ© 
ğŸŠğŸ»â€â™€ï¸; femme natation teint lumiÃ¨re 
ğŸŠğŸ¾â€â™€ï¸; femme teint moyen foncÃ© natation 
ğŸŠğŸ¼â€â™€ï¸; femme teint moyen-lumiÃ¨re nage 
ğŸŠğŸ½â€â™€ï¸; femme teint moyen de natation 
ğŸ‘©â€ğŸ«; femme professeur 
ğŸ‘©ğŸ¿â€ğŸ«; femme professeur teint foncÃ© 
ğŸ‘©ğŸ»â€ğŸ«; femme t ENSEIGNANT teint clair 
ğŸ‘©ğŸ¾â€ğŸ«; femme professeur moyen foncÃ© teint 
ğŸ‘©ğŸ¼â€ğŸ«; femme teint moyen-lumiÃ¨re enseignant 
ğŸ‘©ğŸ½â€ğŸ«; femme teint moyen des enseignants 
ğŸ‘©â€ğŸ’»; femme technologue 
ğŸ‘©ğŸ¿â€ğŸ’»; femme technologue teint foncÃ© 
ğŸ‘©ğŸ»â€ğŸ’»; femme technologiste teint lumiÃ¨re 
ğŸ‘©ğŸ¾â€ğŸ’»; femme teint moyen foncÃ© technologue 
ğŸ‘©ğŸ¼â€ğŸ’»; femme technologue moyenne lumiÃ¨re teint 
ğŸ‘©ğŸ½â€ğŸ’»; femme teint moyen technologue 
ğŸ’â€â™€ï¸; femme main basculement 
ğŸ’ğŸ¿â€â™€ï¸; femme basculement main teint foncÃ© 
ğŸ’ğŸ»â€â™€ï¸; femme basculement main teint lumiÃ¨re 
ğŸ’ğŸ¾â€â™€ï¸; femme basculement main teint moyen foncÃ© 
ğŸ’ğŸ¼â€â™€ï¸; femme bascule le teint moyen lumiÃ¨re main 
ğŸ’ğŸ½â€â™€ï¸; femme basculement carnation moyenne main 
ğŸ§›â€â™€ï¸; femme vampire 
ğŸ§›ğŸ¿â€â™€ï¸; femme carnation vampire noir 
ğŸ§›ğŸ»â€â™€ï¸; femme vampire teint clair 
ğŸ§›ğŸ¾â€â™€ï¸; femme teint moyen foncÃ© vampire 
ğŸ§›ğŸ¼â€â™€ï¸; femme teint moyen-lumiÃ¨re vampire 
ğŸ§›ğŸ½â€â™€ï¸; femme teint moyen vampire 
ğŸš¶â€â™€ï¸; femme marchant 
ğŸš¶ğŸ¿â€â™€ï¸; femme noire Ã  pied peau ton 
ğŸš¶ğŸ»â€â™€ï¸; femme marchant teint lumiÃ¨re 
ğŸš¶ğŸ¾â€â™€ï¸; femme teint moyen foncÃ© marche 
ğŸš¶ğŸ¼â€â™€ï¸; femme teint moyen-lumiÃ¨re marche 
ğŸš¶ğŸ½â€â™€ï¸; femme teint moyen de marche 
ğŸ‘³â€â™€ï¸; femme portant un turban 
ğŸ‘³ğŸ¿â€â™€ï¸; femme portant un turban teint foncÃ© 
ğŸ‘³ğŸ»â€â™€ï¸; femme portant un turban ton peau claire 
ğŸ‘³ğŸ¾â€â™€ï¸; femme weari ng teint moyen noir turban 
ğŸ‘³ğŸ¼â€â™€ï¸; femme portant le teint moyen clair turban 
ğŸ‘³ğŸ½â€â™€ï¸; femme portant le teint moyen turban 
ğŸ§•; femme avec un foulard 
ğŸ§•ğŸ¿; femme avec le teint foulard noir 
ğŸ§•ğŸ»; femme avec un foulard teint clair 
ğŸ§•ğŸ¾; femme avec le teint moyen foncÃ© foulard 
ğŸ§•ğŸ¼; femme avec le teint moyen lÃ©ger foulard 
ğŸ§•ğŸ½; femme avec le teint moyen foulard 
ğŸ‘©â€ğŸ¦¯; femme de sondage canne 
ğŸ§Ÿâ€â™€ï¸; femme zombie 
ğŸ‘¢; botte 
ğŸ‘š; vÃªtements womans 
ğŸ‘’; WOMANS chapeau 
ğŸ‘¡; sandales 
ğŸ‘¯â€â™€ï¸; femmes avec des oreilles de lapin 
ğŸ¤¼â€â™€ï¸; femmes luttant 
ğŸšº; femmes 
ğŸ¥´; visage patraque 
ğŸ—º; mappemonde 
ğŸ˜Ÿ; inquiet 
ğŸ; cadeau 
ğŸ”§; clÃ© 
âœ; Ã©crire main 
âœğŸ¿; Ã©crire le teint sombre main 
âœğŸ»; Ã©crire main teint clair 
âœğŸ¾; Ã©crire le teint moyen foncÃ© main 
âœğŸ¼; Ã©crire le teint moyen lumiÃ¨re main 
âœğŸ½; Ã©crire le teint moyen de la main 
ğŸ§¶; fil 
ğŸ¥±; visage bÃ©ant 
ğŸŸ¡; jaune cercle 
ğŸ’›; coeur jaune 
ğŸŸ¨; carrÃ© jaune 
ğŸ’´; yen 
ğŸª€; yo-yo 
â˜¯; yin yang 
ğŸ¤ª; visage loufoque 
ğŸ¦“; zÃ¨bre 
ğŸ¤; visage bouche fermeture Ã©clair 
ğŸ§Ÿ; zombie 
ğŸ’¤; zzz 
ğŸ‡¦ğŸ‡½; drapeau pour Ã…land 
*âƒ£; astÃ©risque keycap 
8âƒ£; keycap chiffres huit 
5âƒ£; chiffres keycap cinq 
4âƒ£; chiffres keycap quatre 
9âƒ£; keycap chiffres neuf 
1âƒ£; keycap chiffre un 
7âƒ£; keycap chiffre sept 
6âƒ£; keycap chiffres six 
3âƒ£; keycap trois chiffres 
2âƒ£; chiffres keycap deux 
0âƒ£; keycap dig il zÃ©ro 
#âƒ£; keycap signe diÃ¨se 
ğŸ»; emoji modificateur fitzpatrick type 1 2 
ğŸ¼; emoji modificateur fitzpatrick type 3 
ğŸ½; emoji modificateur fitzpatrick type 4 
ğŸ¾; emoji modificateur fitzpatrick type 5 
ğŸ¿; modificateur emoji fitzpatrick type 6 
ğŸ‡¦; indicateur rÃ©gional a 
ğŸ‡§; indicateur rÃ©gional b 
ğŸ‡¨; indicateur rÃ©gional c 
ğŸ‡©; indicateur rÃ©gional d 
ğŸ‡ª; indicateur rÃ©gional e 
ğŸ‡«; indicateur rÃ©gional f 
ğŸ‡¬; indicateur rÃ©gional g 
ğŸ‡­; indicateur rÃ©gional h 
ğŸ‡®; indicateur rÃ©gional i 
ğŸ‡¯; indicateur rÃ©gional j 
ğŸ‡°; indicateur rÃ©gional k 
ğŸ‡±; indicateur rÃ©gional l 
ğŸ‡²; indicateur rÃ©gional m 
ğŸ‡³; indicateur rÃ©gional n 
ğŸ‡´; indicateur rÃ©gional o 
ğŸ‡µ; indicateur rÃ©gional p 
ğŸ‡¶; indicateur q rÃ©gional 
ğŸ‡·; indicateur rÃ©gional r 
ğŸ‡¸; indicateur rÃ©gionale 
ğŸ‡¹; indicateur rÃ©gional t 
ğŸ‡º; indicateur rÃ©gional u 
ğŸ‡»; indicateur rÃ©gional v 
ğŸ‡¼; indicateur rÃ©gional w 
ğŸ‡½; indicateurs rÃ©gionaux x 
ğŸ‡¾; indicateur rÃ©gional y 
ğŸ‡¿; indicateur rÃ©gional z 
ğŸ“…; Date 
ğŸˆ; cat2 
ğŸ„; COW2 
ğŸ•¶; lunettes de soleil sombres 
ğŸ•; dog2 
ğŸª; dromadaire 
ğŸ¤; bureau de poste europÃ©en 
âˆ; symbole de barre 
ğŸ; cheval de course 
ğŸ’; couplekiss 
ğŸ; mouse2 
âœ; pencil2 
ğŸ–; pig2 
ğŸ‡; rabbit2 
ğŸ…; tiger2 
ğŸš†; train2 
ğŸ‹; whale2
ğŸ¥š;oeuf
